"","School.x","BEDS","District","County","num.outlets","pbfreeBuildings","samplingComplete","completionDate","outletsOver15","outletsUnder15","oos","street","city","state","address","School.y","short"
"1","EAST HILL ELEM SCHOOL",420101060001,"WEST GENESEE CSD AT CAMILLUS","Onondaga",97,"No","Yes","9/19/2016",96,1,"Yes","401 BLACKMORE RD","CAMILLUS","NY","401 BLACKMORE RD, CAMILLUS, NY","East Hill Elementary School","Elementary/Middle"
"2","STONEHEDGE SCHOOL",420101060003,"WEST GENESEE CSD AT CAMILLUS","Onondaga",184,"No","Yes","9/21/2016",183,1,"Yes","400 SANDERSON DR","CAMILLUS","NY","400 SANDERSON DR, CAMILLUS, NY","Stonehedge Elementary School","Elementary/Middle"
"3","ONONDAGA ROAD ELEM SCHOOL",420101060005,"WEST GENESEE CSD AT CAMILLUS","Onondaga",91,"No","Yes","9/26/2016",90,1,"Yes","703 ONONDAGA RD","SYRACUSE","NY","703 ONONDAGA RD, SYRACUSE, NY","Onondaga Road Elementary School","Elementary/Middle"
"4","SPLIT ROCK ELEM SCHOOL",420101060006,"WEST GENESEE CSD AT CAMILLUS","Onondaga",91,"No","Yes","9/26/2016",86,5,"Yes","4151 SPLIT ROCK RD","CAMILLUS","NY","4151 SPLIT ROCK RD, CAMILLUS, NY","Split Rock Elementary School","Elementary/Middle"
"5","WEST GENESEE MIDDLE SCHOOL",420101060008,"WEST GENESEE CSD AT CAMILLUS","Onondaga",110,"No","Yes","10/21/2016",92,18,"Yes","500 SANDERSON RD","CAMILLUS","NY","500 SANDERSON RD, CAMILLUS, NY","West Genesee Middle School","Elementary/Middle"
"6","WEST GENESEE S H S",420101060009,"WEST GENESEE CSD AT CAMILLUS","Onondaga",175,"No","Yes","10/27/2016",173,2,"Yes","5201 W GENESEE ST","CAMILLUS","NY","5201 W GENESEE ST, CAMILLUS, NY","West Genesee Senior High School","High School"
"7","CAMILLUS MIDDLE SCHOOL",420101060011,"WEST GENESEE CSD AT CAMILLUS","Onondaga",191,"No","Yes","10/28/2016",105,86,"Yes","5525 IKE DIXON RD","CAMILLUS","NY","5525 IKE DIXON RD, CAMILLUS, NY","Camillus Middle School","Elementary/Middle"
"8","ALLEN ROAD ELEM SCHOOL",420303060001,"NORTH SYRACUSE CENTRAL SCHOOL","Onondaga",123,"No","Yes","9/23/2016",34,0,"No","803 ALLEN RD","NO SYRACUSE","NY","803 ALLEN RD, NO SYRACUSE, NY","Allen Road Elementary School","Elementary/Middle"
"9","BEAR ROAD ELEM SCHOOL",420303060002,"NORTH SYRACUSE CENTRAL SCHOOL","Onondaga",123,"No","Yes","9/27/2016",143,6,"Yes","5590 BEAR RD","NO SYRACUSE","NY","5590 BEAR RD, NO SYRACUSE, NY","Karl W Saile Bear Road Elementary School","Elementary/Middle"
"10","CICERO ELEM SCHOOL",420303060003,"NORTH SYRACUSE CENTRAL SCHOOL","Onondaga",138,"No","Yes","9/28/2016",138,0,"No","5979 RT 31","CICERO","NY","5979 RT 31, CICERO, NY","Cicero Elementary School","Elementary/Middle"
"11","LAKESHORE ROAD ELEMENTARY SCHOOL",420303060004,"NORTH SYRACUSE CENTRAL SCHOOL","Onondaga",127,"No","Yes","9/28/2016",100,27,"Yes","7180 LAKESHORE RD","CICERO","NY","7180 LAKESHORE RD, CICERO, NY","Lakeshore Road Elementary School","Elementary/Middle"
"12","ROXBORO ROAD ELEM SCHOOL",420303060007,"NORTH SYRACUSE CENTRAL SCHOOL","Onondaga",117,"No","Yes","9/23/2016",117,0,"No","200 BERNARD ST","MATTYDALE","NY","200 BERNARD ST, MATTYDALE, NY","Roxboro Road Elementary School","Elementary/Middle"
"13","SMITH ROAD ELEM SCHOOL",420303060008,"NORTH SYRACUSE CENTRAL SCHOOL","Onondaga",131,"No","Yes","9/22/2016",127,5,"Yes","5959 SMITH RD","NO SYRACUSE","NY","5959 SMITH RD, NO SYRACUSE, NY","Smith Road Elementary School","Elementary/Middle"
"14","GILLETTE ROAD MIDDLE SCHOOL",420303060009,"NORTH SYRACUSE CENTRAL SCHOOL","Onondaga",111,"No","Yes","9/27/2016",109,2,"Yes","6150 S BAY RD","CICERO","NY","6150 S BAY RD, CICERO, NY","Gillette Road Middle School","Elementary/Middle"
"15","NORTH SYRACUSE JHS",420303060010,"NORTH SYRACUSE CENTRAL SCHOOL","Onondaga",165,"No","Yes","10/20/2016",136,25,"Yes","5353 W TAFT RD","NO SYRACUSE","NY","5353 W TAFT RD, NO SYRACUSE, NY","North Syracuse Junior High School","Elementary/Middle"
"16","ROXBORO ROAD MIDDLE SCHOOL",420303060011,"NORTH SYRACUSE CENTRAL SCHOOL","Onondaga",100,"No","Yes","9/28/2016",96,4,"Yes","300 BERNARD ST","MATTYDALE","NY","300 BERNARD ST, MATTYDALE, NY","Roxboro Road Middle School","Elementary/Middle"
"17","CICERO-NO SYRACUSE H S",420303060014,"NORTH SYRACUSE CENTRAL SCHOOL","Onondaga",211,"No","Yes","10/24/2016",186,75,"Yes","6002 RT 31","CICERO","NY","6002 RT 31, CICERO, NY","Cicero-north Syracuse High School","High School"
"18","MAIN ST EARLY EDUCATION PROGRAM",420303060015,"NORTH SYRACUSE CENTRAL SCHOOL","Onondaga",30,"No","Yes","9/27/2016",8,0,"No","205 South Main Street","NO SYRACUSE","NY","205 South Main Street, NO SYRACUSE, NY",NA,NA
"19","PARK HILL SCHOOL",420401060001,"EAST SYRACUSE-MINOA CENTRAL SCHOOL","Onondaga",43,"No","Yes","9/20/2016",37,6,"Yes","303 ROBY AVE","EAST SYRACUSE","NY","303 ROBY AVE, EAST SYRACUSE, NY",NA,NA
"20","FREMONT ELEM SCHOOL",420401060002,"EAST SYRACUSE-MINOA CENTRAL SCHOOL","Onondaga",79,"No","Yes","9/21/2016",79,0,"No","115 RICHMOND RD W","E SYRACUSE","NY","115 RICHMOND RD W, E SYRACUSE, NY","Fremont Elementary School","Elementary/Middle"
"21","EAST SYRACUSE ELEMENTARY",420401060003,"EAST SYRACUSE-MINOA CENTRAL SCHOOL","Onondaga",92,"No","Yes","9/22/2016",37,0,"No","230 KINNE ST","E SYRACUSE","NY","230 KINNE ST, E SYRACUSE, NY","East Syracuse Elementary School","Elementary/Middle"
"22","WOODLAND ELEM SCHOOL",420401060004,"EAST SYRACUSE-MINOA CENTRAL SCHOOL","Onondaga",74,"No","Yes","9/20/2016",74,0,"No","6316 FREMONT RD","EAST SYRACUSE","NY","6316 FREMONT RD, EAST SYRACUSE, NY","Woodland Elementary School","Elementary/Middle"
"23","E SYRACUSE MINOA CENTRAL H S",420401060005,"EAST SYRACUSE-MINOA CENTRAL SCHOOL","Onondaga",228,"No","Yes","10/28/2016",183,45,"Yes","6400 FREMONT RD","E SYRACUSE","NY","6400 FREMONT RD, E SYRACUSE, NY","East Syracuse-minoa Central High School","High School"
"24","MINOA ELEM SCHOOL",420401060009,"EAST SYRACUSE-MINOA CENTRAL SCHOOL","Onondaga",88,"No","Yes","9/21/2016",82,6,"Yes","501 MAIN ST","MINOA","NY","501 MAIN ST, MINOA, NY","Minoa Elementary School","Elementary/Middle"
"25","PINE GROVE MIDDLE SCHOOL",420401060010,"EAST SYRACUSE-MINOA CENTRAL SCHOOL","Onondaga",128,"No","Yes","10/28/2016",122,6,"Yes","600 N. Main St.","Minoa","NY","600 N. Main St., Minoa, NY","Pine Grove Middle School","Elementary/Middle"
"26","JAMESVILLE ELEM SCHOOL",420411060002,"JAMESVILLE-DEWITT CENTRAL SCHOOL","Onondaga",99,"No","Yes","9/23/2016",96,3,"Yes","E SENECA TPKE","JAMESVILLE","NY","E SENECA TPKE, JAMESVILLE, NY","Jamesville Elementary School","Elementary/Middle"
"27","MOSES DEWITT ELEM SCHOOL",420411060003,"JAMESVILLE-DEWITT CENTRAL SCHOOL","Onondaga",52,"No","Yes","9/21/2016",49,3,"Yes","JAMESVILLE RD","DEWITT","NY","JAMESVILLE RD, DEWITT, NY","Moses Dewitt Elementary School","Elementary/Middle"
"28","TECUMSEH ELEMENTARY SCHOOL",420411060004,"JAMESVILLE-DEWITT CENTRAL SCHOOL","Onondaga",93,"No","Yes","9/22/2016",92,1,"Yes","NOTTINGHAM RD","JAMESVILLE","NY","NOTTINGHAM RD, JAMESVILLE, NY","Tecumseh Elementary School","Elementary/Middle"
"29","JAMESVILLE-DEWITT MID SCH",420411060005,"JAMESVILLE-DEWITT CENTRAL SCHOOL","Onondaga",177,"No","Yes","9/20/2016",175,2,"Yes","RANDALL RD","JAMESVILLE","NY","RANDALL RD, JAMESVILLE, NY","Jamesville-dewitt Middle School","Elementary/Middle"
"30","JAMESVILLE-DEWITT H S",420411060006,"JAMESVILLE-DEWITT CENTRAL SCHOOL","Onondaga",137,"No","Yes","10/21/2016",128,6,"Yes","EDINGER DR","DEWITT","NY","EDINGER DR, DEWITT, NY","Jamesville-dewitt High School","High School"
"31","ELBRIDGE ELEM SCHOOL",420501060001,"JORDAN ELBRIDGE CENTRAL SCHOOL","Onondaga",115,"No","Yes","11/5/2016",37,0,"Yes","130 E  MAIN ST","ELBRIDGE","NY","130 E  MAIN ST, ELBRIDGE, NY","Elbridge Elementary School","Elementary/Middle"
"32","JORDAN ELBRIDGE HIGH SCHOOL",420501060003,"JORDAN ELBRIDGE CENTRAL SCHOOL","Onondaga",70,"No","No","",29,3,"Yes","5721 Hamilton Rd","Jordan","NY","5721 Hamilton Rd, Jordan, NY","Jordan-elbridge High School","Elementary/Middle"
"33","JORDAN ELBRIDGE HIGH SCHOOL",420501060003,"JORDAN ELBRIDGE CENTRAL SCHOOL","Onondaga",70,"No","No","",29,3,"Yes","5721 Hamilton Rd","Jordan","NY","5721 Hamilton Rd, Jordan, NY","Jordan-elbridge High School","High School"
"34","JORDAN ELBRIDGE MS",420501060004,"JORDAN ELBRIDGE CENTRAL SCHOOL","Onondaga",89,"No","No","",41,1,"Yes","9 CHAPPELL ST","JORDAN","NY","9 CHAPPELL ST, JORDAN, NY","Jordan-elbridge Middle School","Elementary/Middle"
"35","WESTHILL S H S",420701060001,"WESTHILL CENTRAL SCHOOL","Onondaga",124,"No","Yes","10/20/2016",113,10,"Yes","4501 ONONDAGA BLVD","SYRACUSE","NY","4501 ONONDAGA BLVD, SYRACUSE, NY","Westhill High School","High School"
"36","CHERRY ROAD ELEM SCHOOL",420701060002,"WESTHILL CENTRAL SCHOOL","Onondaga",104,"No","Yes","9/22/2016",95,9,"Yes","201 CHERRY RD","SYRACUSE","NY","201 CHERRY RD, SYRACUSE, NY","Cherry Road Elementary School","Elementary/Middle"
"37","WALBERTA PARK PRIMARY SCHOOL",420701060003,"WESTHILL CENTRAL SCHOOL","Onondaga",78,"No","Yes","9/22/2016",72,6,"Yes","400 WALBERTA RD","SYRACUSE","NY","400 WALBERTA RD, SYRACUSE, NY","Walberta Park Primary School","Elementary/Middle"
"38","ONONDAGA HILL MIDDLE SCHOOL",420701060004,"WESTHILL CENTRAL SCHOOL","Onondaga",111,"No","Yes","9/28/2016",108,3,"Yes","4860 ONONDAGA RD","SYRACUSE","NY","4860 ONONDAGA RD, SYRACUSE, NY","Onondaga Hill Middle School","Elementary/Middle"
"39","SOLVAY ELEM SCHOOL",420702030001,"SOLVAY UNION FREE SCHOOL","Onondaga",78,"No","Yes","9/29/2016",76,2,"Yes","701 WOODS RD","SOLVAY","NY","701 WOODS RD, SOLVAY, NY","Solvay Elementary School","Elementary/Middle"
"40","SOLVAY H S",420702030004,"SOLVAY UNION FREE SCHOOL","Onondaga",41,"No","Yes","10/25/2016",47,0,"Yes","600 GERTRUDE AVE","SOLVAY","NY","600 GERTRUDE AVE, SOLVAY, NY","Solvay High School","High School"
"41","SOLVAY MIDDLE SCHOOL",420702030007,"SOLVAY UNION FREE SCHOOL","Onondaga",53,"No","Yes","9/29/2016",53,0,"Yes","299 BURY DRIVE","SYRACUSE","NY","299 BURY DRIVE, SYRACUSE, NY","Solvay Middle School","Elementary/Middle"
"42","ONONDAGA NATION SCH",420807040002,"LA FAYETTE CENTRAL SCHOOL","Onondaga",50,"No","Yes","9/24/2016",53,0,"No","RD 1-BOX 270","NEDROW","NY","RD 1-BOX 270, NEDROW, NY","Onondaga Nation School","Elementary/Middle"
"43","LA FAYETTE S H S",420807040003,"LA FAYETTE CENTRAL SCHOOL","Onondaga",170,"No","Yes","10/1/2016",111,10,"Yes","RT 11 N","LAFAYETTE","NY","RT 11 N, LAFAYETTE, NY","La Fayette Junior-senior High School","Elementary/Middle"
"44","LA FAYETTE S H S",420807040003,"LA FAYETTE CENTRAL SCHOOL","Onondaga",170,"No","Yes","10/1/2016",111,10,"Yes","RT 11 N","LAFAYETTE","NY","RT 11 N, LAFAYETTE, NY","La Fayette Junior-senior High School","High School"
"45","C GRANT GRIMSHAW SCHOOL",420807040004,"LA FAYETTE CENTRAL SCHOOL","Onondaga",92,"No","Yes","9/24/2016",92,0,"Yes","RT 20 W","LAFAYETTE","NY","RT 20 W, LAFAYETTE, NY","C Grant Grimshaw School","Elementary/Middle"
"46","CATHERINE M MCNAMARA ELEM SCH",420901060003,"BALDWINSVILLE CENTRAL SCHOOL","Onondaga",46,"No","Yes","9/28/2016",46,0,"No","OBRIEN RD","BALDWINSVILLE","NY","OBRIEN RD, BALDWINSVILLE, NY","Catherine M Mcnamara Elementary School","Elementary/Middle"
"47","L PEARL PALMER ELEM SCHOOL",420901060004,"BALDWINSVILLE CENTRAL SCHOOL","Onondaga",53,"No","Yes","9/27/2016",53,0,"No","HICKS RD","BALDWINSVILLE","NY","HICKS RD, BALDWINSVILLE, NY","L Pearl Palmer Elementary School","Elementary/Middle"
"48","VAN BUREN SCHOOL",420901060005,"BALDWINSVILLE CENTRAL SCHOOL","Onondaga",49,"No","Yes","9/29/2016",33,16,"Yes","FORD ST","BALDWINSVILLE","NY","FORD ST, BALDWINSVILLE, NY","Van Buren Elementary School","Elementary/Middle"
"49","THEODORE R DURGEE J H S",420901060006,"BALDWINSVILLE CENTRAL SCHOOL","Onondaga",50,"No","Yes","10/27/2016",48,2,"Yes","29 E ONEIDA ST","BALDWINSVILLE","NY","29 E ONEIDA ST, BALDWINSVILLE, NY","Theodore R Durgee Junior High School","Elementary/Middle"
"50","CHARLES W BAKER H S",420901060007,"BALDWINSVILLE CENTRAL SCHOOL","Onondaga",69,"No","Yes","10/20/2016",69,0,"Yes","OSWEGO ST","BALDWINSVILLE","NY","OSWEGO ST, BALDWINSVILLE, NY","Charles W Baker High School","High School"
"51","MAE E REYNOLDS SCHOOL",420901060008,"BALDWINSVILLE CENTRAL SCHOOL","Onondaga",34,"No","Yes","9/28/2016",31,3,"Yes","IDLEWOOD BLVD","BALDWINSVILLE","NY","IDLEWOOD BLVD, BALDWINSVILLE, NY","Mae E Reynolds School","Elementary/Middle"
"52","DONALD S. RAY MIDDLE SCHOOL",420901060009,"BALDWINSVILLE CENTRAL SCHOOL","Onondaga",24,"No","Yes","10/27/2016",23,1,"Yes","7650 VAN BUREN RD","BALDWINSVILLE","NY","7650 VAN BUREN RD, BALDWINSVILLE, NY","Donald S Ray School","Elementary/Middle"
"53","FAYETTEVILLE ELEM SCHOOL",421001060001,"FAYVILL-MANLIUS CENT SCH","Onondaga",93,"No","Yes","9/27/2016",93,0,"Yes","704 S. MANLIUS ST","FAYETTEVILLE","NY","704 S. MANLIUS ST, FAYETTEVILLE, NY","Fayetteville Elementary School","Elementary/Middle"
"54","FAYETTEVILLE MANLIUS S H S",421001060002,"FAYVILL-MANLIUS CENT SCH","Onondaga",302,"No","Yes","10/28/2016",177,23,"Yes","8201 E. SENECA TPK.","MANLIUS","NY","8201 E. SENECA TPK., MANLIUS, NY","Fayetteville-manlius Senior High School","High School"
"55","EAGLE HILL MIDDLE SCHOOL",421001060005,"FAYVILL-MANLIUS CENT SCH","Onondaga",150,"No","Yes","10/24/2016",84,17,"Yes","4645 ENDERS RD","MANLIUS","NY","4645 ENDERS RD, MANLIUS, NY","Eagle Hill Middle School","Elementary/Middle"
"56","WELLWOOD MIDDLE SCHOOL",421001060006,"FAYVILL-MANLIUS CENT SCH","Onondaga",148,"No","Yes","10/19/2016",138,10,"Yes","700 SOUTH MANLIUS ST","FAYETTEVILLE","NY","700 SOUTH MANLIUS ST, FAYETTEVILLE, NY","Wellwood Middle School","Elementary/Middle"
"57","MOTT ROAD ELEM SCHOOL",421001060007,"FAYVILL-MANLIUS CENT SCH","Onondaga",108,"No","Yes","9/15/2016",103,5,"Yes","7173 MOTT RD","FAYETTVILLE","NY","7173 MOTT RD, FAYETTVILLE, NY","Mott Road Elementary School","Elementary/Middle"
"58","ENDERS ROAD ELEM SCHOOL",421001060008,"FAYVILL-MANLIUS CENT SCH","Onondaga",101,"No","Yes","9/9/2016",101,0,"Yes","4725 ENDERS RD","MANLIUS","NY","4725 ENDERS RD, MANLIUS, NY","Enders Road Elementary School","Elementary/Middle"
"59","K C HEFFERNAN ELEM SCHOOL",421101060001,"MARCELLUS CENTRAL SCHOOL","Onondaga",126,"No","Yes","9/28/2016",83,6,"Yes","2 LEARNERS LANDING","MARCELLUS","NY","2 LEARNERS LANDING, MARCELLUS, NY","K C Heffernan Elementary School","Elementary/Middle"
"60","MARCELLUS H S",421101060003,"MARCELLUS CENTRAL SCHOOL","Onondaga",56,"No","Yes","10/28/2016",9,4,"Yes","REED PKY","MARCELLUS","NY","REED PKY, MARCELLUS, NY","Marcellus High School","High School"
"61","C S DRIVER MIDDLE SCHOOL",421101060004,"MARCELLUS CENTRAL SCHOOL","Onondaga",80,"No","Yes","9/28/2016",97,23,"Yes","REED PKY","MARCELLUS","NY","REED PKY, MARCELLUS, NY","C S Driver Middle School","Elementary/Middle"
"62","C S DRIVER MIDDLE SCHOOL",421101060004,"MARCELLUS CENTRAL SCHOOL","Onondaga",80,"No","Yes","9/28/2016",97,23,"Yes","REED PKY","MARCELLUS","NY","REED PKY, MARCELLUS, NY","C S Driver Middle School","High School"
"63","ROCKWELL ELEM SCHOOL",421201040001,"ONONDAGA CENTRAL SCHOOL","Onondaga",69,"This school has one or more lead-free buildings","Yes","9/29/2016",65,1,"Yes","208 ROCKWELL RD","NEDROW","NY","208 ROCKWELL RD, NEDROW, NY","Rockwell Elementary School","Elementary/Middle"
"64","WHEELER MIDDLE SCHOOL",421201040002,"ONONDAGA CENTRAL SCHOOL","Onondaga",75,"No","Yes","9/29/2016",70,3,"Yes","4543 S ONONDAGA RD","NEDROW","NY","4543 S ONONDAGA RD, NEDROW, NY","Wheeler Elementary School","Elementary/Middle"
"65","ONONDAGA H S",421201040003,"ONONDAGA CENTRAL SCHOOL","Onondaga",66,"This school has one or more lead-free buildings","Yes","10/14/2016",64,0,"Yes","4479 S ONONDAGA RD","NEDROW","NY","4479 S ONONDAGA RD, NEDROW, NY","Onondaga Senior High School","Elementary/Middle"
"66","ONONDAGA H S",421201040003,"ONONDAGA CENTRAL SCHOOL","Onondaga",66,"This school has one or more lead-free buildings","Yes","10/14/2016",64,0,"Yes","4479 S ONONDAGA RD","NEDROW","NY","4479 S ONONDAGA RD, NEDROW, NY","Onondaga Senior High School","High School"
"67","NATE PERRY ELEM. SCHOOL",421501060001,"LIVERPOOL CENTRAL SCHOOL","Onondaga",59,"No","Yes","12/14/2016",59,0,"No","7053 BUCKLEY RD","LIVERPOOL","NY","7053 BUCKLEY RD, LIVERPOOL, NY","Nate Perry Elementary School","Elementary/Middle"
"68","ELMCREST ELEM SCHOOL",421501060004,"LIVERPOOL CENTRAL SCHOOL","Onondaga",66,"No","Yes","12/14/2016",52,14,"Yes","350 WOODS PATH RD","LIVERPOOL","NY","350 WOODS PATH RD, LIVERPOOL, NY","Elmcrest Elementary School","Elementary/Middle"
"69","LIVERPOOL MIDDLE SCHOOL",421501060005,"LIVERPOOL CENTRAL SCHOOL","Onondaga",52,"This school has one or more lead-free buildings","Yes","11/16/2016",52,0,"No","720 SEVENTH ST","LIVERPOOL","NY","720 SEVENTH ST, LIVERPOOL, NY","Liverpool Middle School","Elementary/Middle"
"70","LIVERPOOL ANNEX",421501060006,"LIVERPOOL CENTRAL SCHOOL","Onondaga",56,"No","Yes","12/14/2016",55,1,"Yes","4338 WETZEL RD","LIVERPOOL","NY","4338 WETZEL RD, LIVERPOOL, NY",NA,NA
"71","CHESTNUT HILL ES (for lead survey- CHESTNUT HILL MS @ CHE 2016-17)",421501060009,"LIVERPOOL CENTRAL SCHOOL","Onondaga",58,"No","Yes","11/15/2016",56,2,"Yes","200 SASLON PARK DR","LIVERPOOL","NY","200 SASLON PARK DR, LIVERPOOL, NY","Chestnut Hill Elementary School","Elementary/Middle"
"72","LIVERPOOL ELEMENTARY SCHOOL",421501060010,"LIVERPOOL CENTRAL SCHOOL","Onondaga",40,"No","Yes","11/8/2016",40,0,"No","910 SECOND ST.","LIVERPOOL","NY","910 SECOND ST., LIVERPOOL, NY","Liverpool Elementary School","Elementary/Middle"
"73","LIVERPOOL HIGH SCHOOL",421501060011,"LIVERPOOL CENTRAL SCHOOL","Onondaga",166,"No","Yes","12/13/2016",118,48,"Yes","4338 WETZEL RD","LIVERPOOL","NY","4338 WETZEL RD, LIVERPOOL, NY","Liverpool High School","Elementary/Middle"
"74","LIVERPOOL HIGH SCHOOL",421501060011,"LIVERPOOL CENTRAL SCHOOL","Onondaga",166,"No","Yes","12/13/2016",118,48,"Yes","4338 WETZEL RD","LIVERPOOL","NY","4338 WETZEL RD, LIVERPOOL, NY","Liverpool High School","High School"
"75","MORGAN ROAD ELEMENTARY",421501060012,"LIVERPOOL CENTRAL SCHOOL","Onondaga",22,"No","Yes","1/12/2016",22,0,"No","7795 MORGAN ROAD","LIVERPOOL","NY","7795 MORGAN ROAD, LIVERPOOL, NY","Morgan Road Elementary School","Elementary/Middle"
"76","SOULE ROAD ELEMENTARY",421501060013,"LIVERPOOL CENTRAL SCHOOL","Onondaga",15,"No","Yes","11/15/2016",15,0,"No","8338 SOULE RD","LIVERPOOL","NY","8338 SOULE RD, LIVERPOOL, NY","Soule Road Elementary School","Elementary/Middle"
"77","SOULE ROAD MIDDLE SCHOOL",421501060014,"LIVERPOOL CENTRAL SCHOOL","Onondaga",72,"No","Yes","12/14/2016",72,0,"No","SOULE ROAD MIDDLE SCHOOL","LIVERPOOL","NY","SOULE ROAD MIDDLE SCHOOL, LIVERPOOL, NY","Soule Road Middle School","Elementary/Middle"
"78","LONG BRANCH ELEM SCHOOL",421501060015,"LIVERPOOL CENTRAL SCHOOL","Onondaga",56,"No","Yes","11/15/2016",55,1,"Yes","4035 LONG BRANCH RD","LIVERPOOL","NY","4035 LONG BRANCH RD, LIVERPOOL, NY","Long Branch Elementary School","Elementary/Middle"
"79","DONLIN DRIVE",421501060016,"LIVERPOOL CENTRAL SCHOOL","Onondaga",57,"No","Yes","11/15/2016",57,0,"No","DONLIN DRIVE","LIVERPOOL","NY","DONLIN DRIVE, LIVERPOOL, NY","Donlin Drive Elementary School","Elementary/Middle"
"80","WILLOW FIELD SCHOOL",421501060019,"LIVERPOOL CENTRAL SCHOOL","Onondaga",50,"No","Yes","11/15/2016",50,0,"No","WILLOW FIELD SCHOOL","LIVERPOOL","NY","WILLOW FIELD SCHOOL, LIVERPOOL, NY","Willow Field Elementary School","Elementary/Middle"
"81","LYNCOURT SCHOOL",421504020001,"LYNCOURT UNION FREE SCHOOL","Onondaga",79,"No","Yes","9/16/2016",76,3,"Yes","2707-09 COURT ST","SYRACUSE","NY","2707-09 COURT ST, SYRACUSE, NY","Lyncourt School","Elementary/Middle"
"82","SKANEATELES S H S",421601060002,"SKANEATELES CENTRAL SCHOOL","Onondaga",155,"No","Yes","10/8/2016",112,21,"Yes","49 E ELIZABETH ST","SKANEATELES","NY","49 E ELIZABETH ST, SKANEATELES, NY","Skaneateles Senior High School","High School"
"83","WATERMAN ELEM SCHOOL",421601060003,"SKANEATELES CENTRAL SCHOOL","Onondaga",124,"No","Yes","9/17/2016",68,27,"Yes","EAST ST","SKANEATELES","NY","EAST ST, SKANEATELES, NY","Waterman Elementary School","Elementary/Middle"
"84","STATE STREET INTERMEDIATE SCHOOL",421601060004,"SKANEATELES CENTRAL SCHOOL","Onondaga",83,"No","Yes","9/17/2016",76,7,"Yes","72 STATE ST","SKANEATELES","NY","72 STATE ST, SKANEATELES, NY","State Street Intermediate School","Elementary/Middle"
"85","SKANEATELES MIDDLE SCHOOL",421601060005,"SKANEATELES CENTRAL SCHOOL","Onondaga",96,"No","Yes","10/8/2016",60,16,"Yes","EAST ST","SKANEATELES","NY","EAST ST, SKANEATELES, NY","Skaneateles Middle School","Elementary/Middle"
"86","CLARY MIDDLE SCHOOL",421800010003,"SYRACUSE CITY SCHOOLS","Onondaga",72,"No","Yes","10/14/2016",69,3,"Yes","100 AMIDON DR","SYRACUSE","NY","100 AMIDON DR, SYRACUSE, NY","Clary Middle School","Elementary/Middle"
"87","BELLEVUE SCHOOL",421800010004,"SYRACUSE CITY SCHOOLS","Onondaga",67,"No","Yes","9/21/2016",61,6,"Yes","530 STOLP AVE","SYRACUSE","NY","530 STOLP AVE, SYRACUSE, NY","Bellevue Elementary School","Elementary/Middle"
"88","VAN DUYN SCHOOL",421800010006,"SYRACUSE CITY SCHOOLS","Onondaga",79,"No","Yes","9/24/2016",78,1,"Yes","401 LOOMIS AVE","SYRACUSE","NY","401 LOOMIS AVE, SYRACUSE, NY","Van Duyn Elementary School","Elementary/Middle"
"89","EDWARD SMITH SCHOOL",421800010008,"SYRACUSE CITY SCHOOLS","Onondaga",74,"No","Yes","9/22/2016",64,10,"Yes","LANCASTER AVE+BROAD S","SYRACUSE","NY","LANCASTER AVE+BROAD S, SYRACUSE, NY","Edward Smith K-8 School","Elementary/Middle"
"90","ROBERTS SCHOOL",421800010010,"SYRACUSE CITY SCHOOLS","Onondaga",82,"No","Yes","9/24/2016",81,1,"Yes","715 GLENWOOD AVE","SYRACUSE","NY","715 GLENWOOD AVE, SYRACUSE, NY","Roberts K-8 School","Elementary/Middle"
"91","MEACHEM SCHOOL",421800010011,"SYRACUSE CITY SCHOOLS","Onondaga",82,"No","Yes","9/27/2016",79,3,"Yes","171 SPAULDING AVE","SYRACUSE","NY","171 SPAULDING AVE, SYRACUSE, NY","Meachem Elementary School","Elementary/Middle"
"92","LEMOYNE SCHOOL",421800010012,"SYRACUSE CITY SCHOOLS","Onondaga",61,"No","Yes","9/17/2016",60,1,"Yes","1528 LEMOYNE AVE","SYRACUSE","NY","1528 LEMOYNE AVE, SYRACUSE, NY","Lemoyne Elementary School","Elementary/Middle"
"93","SALEM HYDE SCHOOL",421800010013,"SYRACUSE CITY SCHOOLS","Onondaga",69,"No","Yes","9/17/2016",66,3,"Yes","450 DURSTON AVE","SYRACUSE","NY","450 DURSTON AVE, SYRACUSE, NY","Salem Hyde Elementary School","Elementary/Middle"
"94","HUNTINGTON SCHOOL",421800010015,"SYRACUSE CITY SCHOOLS","Onondaga",83,"No","Yes","9/25/2016",78,5,"Yes","400 SUNNYCREST RD","SYRACUSE","NY","400 SUNNYCREST RD, SYRACUSE, NY","Huntington K-8 School","Elementary/Middle"
"95","DR. KING SCHOOL",421800010018,"SYRACUSE CITY SCHOOLS","Onondaga",176,"No","Yes","9/25/2016",172,3,"Yes","416 E RAYNOR AVE","SYRACUSE","NY","416 E RAYNOR AVE, SYRACUSE, NY","Dr King Elementary School","Elementary/Middle"
"96","DANFORTH MAGNET SCHOOL",421800010020,"SYRACUSE CITY SCHOOLS","Onondaga",75,"No","Yes","10/7/2016",75,0,"Yes","309 W BRIGHTON AVE","SYRACUSE","NY","309 W BRIGHTON AVE, SYRACUSE, NY","Danforth Middle School","Elementary/Middle"
"97","FRANKLIN SCHOOL",421800010021,"SYRACUSE CITY SCHOOLS","Onondaga",89,"No","Yes","9/17/2016",88,1,"Yes","428 S ALVORD ST","SYRACUSE","NY","428 S ALVORD ST, SYRACUSE, NY","Franklin Elementary School","Elementary/Middle"
"98","FRAZER SCHOOL",421800010022,"SYRACUSE CITY SCHOOLS","Onondaga",85,"No","Yes","9/24/2016",80,5,"Yes","741 PARK AVE","SYRACUSE","NY","741 PARK AVE, SYRACUSE, NY",NA,NA
"99","PERCY HUGHES SCHOOL",421800010025,"SYRACUSE CITY SCHOOLS","Onondaga",98,"No","Yes","9/28/2016",97,1,"Yes","345 JAMESVILLE AVE","SYRACUSE","NY","345 JAMESVILLE AVE, SYRACUSE, NY","Hughes Elementary School","Elementary/Middle"
"100","PORTER MAGNET SCHOOL",421800010027,"SYRACUSE CITY SCHOOLS","Onondaga",69,"No","Yes","9/27/2016",57,12,"Yes","512 EMERSON AVE","SYRACUSE","NY","512 EMERSON AVE, SYRACUSE, NY",NA,NA
"101","SEYMOUR SCHOOL",421800010028,"SYRACUSE CITY SCHOOLS","Onondaga",57,"No","Yes","9/24/2016",56,1,"Yes","108 SHONNARD ST","SYRACUSE","NY","108 SHONNARD ST, SYRACUSE, NY","Seymour Dual Language Academy","Elementary/Middle"
"102","H W SMITH ELEM SCHOOL",421800010031,"SYRACUSE CITY SCHOOLS","Onondaga",132,"No","Yes","9/25/2016",129,3,"Yes","1130 SALT SPRINGS RD","SYRACUSE","NY","1130 SALT SPRINGS RD, SYRACUSE, NY","Hurlbut W Smith K-8 School","Elementary/Middle"
"103","DELAWARE SCHOOL",421800010041,"SYRACUSE CITY SCHOOLS","Onondaga",78,"No","Yes","9/28/2016",69,16,"Yes","900 S GEDDES ST","SYRACUSE","NY","900 S GEDDES ST, SYRACUSE, NY","Delaware Academy","Elementary/Middle"
"104","MCKINLEY-BRGHTON MAGNET SCH",421800010042,"SYRACUSE CITY SCHOOLS","Onondaga",124,"No","Yes","9/29/2016",123,1,"Yes","141 W. NEWELL ST","SYRACUSE","NY","141 W. NEWELL ST, SYRACUSE, NY","Mckinley-brighton Elementary School","Elementary/Middle"
"105","WEBSTER SCHOOL",421800010043,"SYRACUSE CITY SCHOOLS","Onondaga",51,"No","Yes","9/16/2016",51,0,"No","500 WADSWORTH ST","SYRACUSE","NY","500 WADSWORTH ST, SYRACUSE, NY","Webster Elementary School","Elementary/Middle"
"106","FORMER JAMES A. SHEA MS (CORE PROGRAM) (LEAD ONLY)",421800010045,"SYRACUSE CITY SCHOOLS","Onondaga",60,"No","Yes","10/21/2016",46,14,"Yes","1607 S. GEDDES ST.","SYRACUSE","NY","1607 S. GEDDES ST., SYRACUSE, NY",NA,NA
"107","LINCOLN MIDDLE SCHOOL",421800010048,"SYRACUSE CITY SCHOOLS","Onondaga",91,"No","Yes","10/7/2016",81,10,"Yes","1613 JAMES ST","SYRACUSE","NY","1613 JAMES ST, SYRACUSE, NY","Lincoln Middle School","Elementary/Middle"
"108","DR EDWIN E WEEKS SCHOOL",421800010052,"SYRACUSE CITY SCHOOLS","Onondaga",157,"No","Yes","9/25/2016",157,0,"No","710 Hawley Ave.","SYRACUSE","NY","710 Hawley Ave., SYRACUSE, NY",NA,NA
"109","MCCARTHY AT BEARD",421800010053,"SYRACUSE CITY SCHOOLS","Onondaga",24,"No","Yes","9/23/2016",22,2,"Yes","220 W KENNEDY ST","SYRACUSE","NY","220 W KENNEDY ST, SYRACUSE, NY",NA,NA
"110","THE EXPEDITIONARY LEARNING SCHOOL",421800010058,"SYRACUSE CITY SCHOOLS","Onondaga",38,"No","Yes","10/14/2016",34,4,"Yes","4942 SOUTH SALINA STREET","SYRACUSE","NY","4942 SOUTH SALINA STREET, SYRACUSE, NY","Expeditionary Learning Middle School","Elementary/Middle"
"111","WEST SIDE ACADEMY AT BLODGETT",421800010060,"SYRACUSE CITY SCHOOLS","Onondaga",74,"No","Yes","10/25/2016",54,20,"Yes","312 OSWEGO ST","SYRACUSE","NY","312 OSWEGO ST, SYRACUSE, NY","Westside Academy At Blodgett","Elementary/Middle"
"112","TULLY J S H S",421902040001,"TULLY CENTRAL SCHOOL","Onondaga",166,"No","Yes","10/26/2016",130,23,"Yes","ELM ST","TULLY","NY","ELM ST, TULLY, NY","Tully Junior-senior High School","Elementary/Middle"
"113","TULLY J S H S",421902040001,"TULLY CENTRAL SCHOOL","Onondaga",166,"No","Yes","10/26/2016",130,23,"Yes","ELM ST","TULLY","NY","ELM ST, TULLY, NY","Tully Junior-senior High School","High School"
"114","TULLY ELEM SCHOOL",421902040002,"TULLY CENTRAL SCHOOL","Onondaga",108,"No","Yes","9/28/2016",71,12,"Yes","20 STATE ST","TULLY","NY","20 STATE ST, TULLY, NY","Tully Elementary School","Elementary/Middle"
"115","ONONDAGA-CORTLAND-MADISON BOCES - HENRY CAREER & TECH EDUC BLDG",429000000008,"BOCES No District Name","Onondaga",61,"No","Yes","9/27/2016",60,1,"Yes","6820 THOMPSON RD","SYRACUSE","NY","6820 THOMPSON RD, SYRACUSE, NY",NA,NA
"116","ONONDAGA-CORTLAND-MADISON BOCES - ALTERNATIVE HIGH SCHOOL AT HENRY",429000000014,"BOCES No District Name","Onondaga",17,"No","Yes","10/18/2016",17,0,"Yes","6820 THOMPSON RD","SYRACUSE","NY","6820 THOMPSON RD, SYRACUSE, NY",NA,NA
"117","ONONDAGA-CORTLAND-MADISON BOCES - CROWN ROAD CAMPUS",429000008003,"BOCES No District Name","Onondaga",63,"No","Yes","9/23/2016",62,1,"Yes","4500 CROWN RD","LIVERPOOL","NY","4500 CROWN RD, LIVERPOOL, NY",NA,NA
