Active Date,COUNTY,SED CODE,LEGAL NAME,INSTITUTION TYPE CODE,INSTITUTION TYPE DESCRIPTION,INSTITUTION SUB TYPE CODE,INSTITUTION SUB TYPE DESCRIPTION,NEEDS RESOURCE CODE,NEEDS RESOURCE DESCRIPTION,GRADE ORGANIZATION CODE,GRADE ORGANIZATION DESCRIPTION,COMMUNITY TYPE CODE,COMMUNITY TYPE DESCRIPTION,MAILING ADDRESS,MAIL CITY,STATE,ZIP,SALUTATION,CEO FIRST NAME,CEO LAST NAME,CEO PHONE,CEO EMAIL
7/1/1980,CAYUGA,050100010002,CASEY PARK ELEMENTARY SCHOOL,17,PUBLIC SCHOOLS,1,PUBLIC SCHOOL CITY,3,URBAN/SUBURBAN/HIGH NEEDS,1,Elementary,74,74,101 PULASKI ST,AUBURN,NY,13021,MR.,RONALD,GORNEY,3152558764,ronald_gorney@auburn.cnyric.org
7/1/1980,CAYUGA,050100010004,GENESEE STREET ELEMENTARY SCHOOL,17,PUBLIC SCHOOLS,1,PUBLIC SCHOOL CITY,3,URBAN/SUBURBAN/HIGH NEEDS,1,Elementary,74,74,244 GENESEE ST,AUBURN,NY,13021,MS.,STACEY,CUMMINGS,3152558644,stacey_cummings@auburn.cnyric.org
7/1/1980,CAYUGA,050100010005,HERMAN AVENUE ELEMENTARY SCHOOL,17,PUBLIC SCHOOLS,1,PUBLIC SCHOOL CITY,3,URBAN/SUBURBAN/HIGH NEEDS,1,Elementary,74,74,2 N HERMAN AVE,AUBURN,NY,13021,MS.,CYNTHIA,LATTIMORE,3152558684,cynthia_lattimore@auburn.cnyric.org
7/1/1980,CAYUGA,050100010007,OWASCO ELEMENTARY SCHOOL,17,PUBLIC SCHOOLS,1,PUBLIC SCHOOL CITY,3,URBAN/SUBURBAN/HIGH NEEDS,1,Elementary,74,74,66 LETCHWORTH ST,AUBURN,NY,13021,MS.,ABIGAIL,ADAMS-SNELL,3152558724,abigail_adams@auburn.cnyric.org
7/1/1980,CAYUGA,050100010008,WILLIAM H SEWARD ELEMENTARY SCHOOL,17,PUBLIC SCHOOLS,1,PUBLIC SCHOOL CITY,3,URBAN/SUBURBAN/HIGH NEEDS,1,Elementary,74,74,52 METCALF DR,AUBURN,NY,13021,MR.,ROBERT,MONTGOMERY,3152558604,robert_montgomery@auburn.cnyric.org
7/1/1980,CAYUGA,050100010009,AUBURN JUNIOR HIGH SCHOOL,17,PUBLIC SCHOOLS,1,PUBLIC SCHOOL CITY,3,URBAN/SUBURBAN/HIGH NEEDS,3,Junior High School,74,74,191 FRANKLIN ST,AUBURN,NY,13021,MR.,DAVID,OLIVER,3152558484,david_oliver@auburn.cnyric.org
7/1/1980,CAYUGA,050100010013,AUBURN HIGH SCHOOL,17,PUBLIC SCHOOLS,1,PUBLIC SCHOOL CITY,3,URBAN/SUBURBAN/HIGH NEEDS,5,Senior High,74,74,250 LAKE AVE,AUBURN,NY,13021,MR.,BRIAN,MORGAN,3152558305,brian_morgan@auburn.cnyric.org
7/1/1980,CAYUGA,050301040002,WEEDSPORT JUNIOR-SENIOR HIGH SCHOOL,17,PUBLIC SCHOOLS,4,PUBLIC SCHOOL CENTRAL,5,AVERAGE NEEDS,4,Junior Senior School,77,77,PO BOX 3000,WEEDSPORT,NY,13166,MR.,BRETT,FINGLAND,3158346652,finglandb@weedsport.org
7/1/1980,CAYUGA,050301040003,WEEDSPORT ELEMENTARY SCHOOL,17,PUBLIC SCHOOLS,4,PUBLIC SCHOOL CENTRAL,5,AVERAGE NEEDS,1,Elementary,77,77,PO BOX 3000,WEEDSPORT,NY,13166,MS.,MELINDA,ERVAY,3158346685,ervaym@weedsport.org
7/1/1980,CAYUGA,050401040001,CATO-MERIDIAN ELEMENTARY SCHOOL,17,PUBLIC SCHOOLS,4,PUBLIC SCHOOL CENTRAL,5,AVERAGE NEEDS,1,Elementary,77,77,PO BOX 100,CATO,NY,13033,MR.,ROBERT,WREN,3156263320,rwren@cm.cnyric.org
7/1/1980,CAYUGA,050401040002,CATO-MERIDIAN MIDDLE SCHOOL,17,PUBLIC SCHOOLS,4,PUBLIC SCHOOL CENTRAL,5,AVERAGE NEEDS,2,Middle School,77,77,PO BOX 100,CATO,NY,13033,MR.,SEAN,GLEASON,3156263319,sgleason@cm.cnyric.org
7/1/1980,CAYUGA,050401040003,CATO-MERIDIAN SENIOR HIGH SCHOOL,17,PUBLIC SCHOOLS,4,PUBLIC SCHOOL CENTRAL,5,AVERAGE NEEDS,5,Senior High,77,77,PO BOX 100,CATO,NY,13033,MS.,DANIELLE,MAHONEY,3156263317,dmahoney@cm.cnyric.org
7/1/1980,CAYUGA,050701040005,SOUTHERN CAYUGA  7-12 SECONDARY SCHOOL,17,PUBLIC SCHOOLS,4,PUBLIC SCHOOL CENTRAL,5,AVERAGE NEEDS,4,Junior Senior School,77,77,2384 RT 34B,AURORA,NY,13026,MR.,LUKE,CARNICELLI,3153647111,carnicellil@southerncayuga.org
7/1/1990,CAYUGA,050701040007,SOUTHERN CAYUGA ELEMENTARY SCHOOL,17,PUBLIC SCHOOLS,4,PUBLIC SCHOOL CENTRAL,5,AVERAGE NEEDS,1,Elementary,77,77,2384 RT 34B,AURORA,NY,13026,MR.,CHRISTOPHER,CLAPPER,3153647098,clapperc@southerncayuga.org
7/1/1980,CAYUGA,051101040001,A A GATES ELEMENTARY SCHOOL,17,PUBLIC SCHOOLS,4,PUBLIC SCHOOL CENTRAL,5,AVERAGE NEEDS,1,Elementary,77,77,30 MAPLE AVE,PORT BYRON,NY,13140,MS.,JULIE,PODOLAK,3157765728,jpodolak@pbcschools.org
7/1/1980,CAYUGA,051101040004,PORT BYRON SENIOR HIGH SCHOOL,17,PUBLIC SCHOOLS,4,PUBLIC SCHOOL CENTRAL,5,AVERAGE NEEDS,4,Junior Senior School,77,77,30 MAPLE AVE,PORT BYRON,NY,13140,MR.,MICHAEL,JORGENSEN,3157765728,mjorgensen@pbcschools.org
7/1/1980,CAYUGA,051301040001,MILLARD FILLMORE ELEMENTARY SCHOOL,17,PUBLIC SCHOOLS,4,PUBLIC SCHOOL CENTRAL,5,AVERAGE NEEDS,1,Elementary,77,77,PO BOX 1188,MORAVIA,NY,13118,MS.,JULIE,PODOLAK,3154972670,jpodolak@moraviaschool.org
7/1/1980,CAYUGA,051301040003,MORAVIA JUNIOR-SENIOR HIGH SCHOOL,17,PUBLIC SCHOOLS,4,PUBLIC SCHOOL CENTRAL,5,AVERAGE NEEDS,4,Junior Senior School,77,77,PO BOX 1189,MORAVIA,NY,13118,MR.,GREGORY,JENNE,3154972670,gjenne@moraviaschool.org
7/1/1980,CAYUGA,051901040002,ANDREW J SMITH ELEMENTARY SCHOOL,17,PUBLIC SCHOOLS,4,PUBLIC SCHOOL CENTRAL,5,AVERAGE NEEDS,1,Elementary,77,77,PO BOX 760,UNION SPRINGS,NY,13160,MS.,KAREN,BURCROFF,3158897102,kburcroff@unionspringscsd.org
7/1/1980,CAYUGA,051901040003,CAYUGA ELEMENTARY SCHOOL,17,PUBLIC SCHOOLS,4,PUBLIC SCHOOL CENTRAL,5,AVERAGE NEEDS,1,Elementary,77,77,PO BOX 266,CAYUGA,NY,13034,MS.,SHEILA,LADOUCE,3158894170,sladouce@unionspringscsd.org
7/1/1980,CAYUGA,051901040005,UNION SPRINGS HIGH SCHOOL,17,PUBLIC SCHOOLS,4,PUBLIC SCHOOL CENTRAL,5,AVERAGE NEEDS,4,Junior Senior School,77,77,PO BOX 508,UNION SPRINGS,NY,13160,MR.,CHARLES,WALKER,3158894110,cwalker@unionspringscsd.org
7/1/2015,CAYUGA,051901040006,UNION SPRINGS MIDDLE SCHOOL,17,PUBLIC SCHOOLS,4,PUBLIC SCHOOL CENTRAL,5,AVERAGE NEEDS,8,Other,77,77,239 CAYUGA ST,UNION SPRINGS,NY,13160,MR.,MICHAEL,WURSTER,3158894110,mwurster@unionspringscsd.org
7/1/1980,CORTLAND,110101040001,CINCINNATUS ELEMENTARY SCHOOL,17,PUBLIC SCHOOLS,4,PUBLIC SCHOOL CENTRAL,4,RURAL HIGH NEEDS,1,Elementary,77,77,2809 CINCINNATUS RD,CINCINNATUS,NY,13040,MR.,THOMAS,DURKOT,6078633200,tdurkot@cc.cnyric.org
7/1/1980,CORTLAND,110101040002,CINCINNATUS HIGH SCHOOL,17,PUBLIC SCHOOLS,4,PUBLIC SCHOOL CENTRAL,4,RURAL HIGH NEEDS,5,Senior High,77,77,2809 CINCINNATUS RD,CINCINNATUS,NY,13040,MR.,DAVID,PHETTEPLACE,6078633022,dphetteplace@cc.cnyric.org
7/1/2003,CORTLAND,110101040003,CINCINNATUS MIDDLE SCHOOL,17,PUBLIC SCHOOLS,4,PUBLIC SCHOOL CENTRAL,4,RURAL HIGH NEEDS,2,Middle School,77,77,2809 CINCINNATUS RD,CINCINNATUS,NY,13040,MR.,DAVID,PHETTEPLACE,6078633200,dphetteplace@cc.cnyric.org
7/1/1980,CORTLAND,110200010003,FRANKLYN S BARRY SCHOOL,17,PUBLIC SCHOOLS,1,PUBLIC SCHOOL CITY,3,URBAN/SUBURBAN/HIGH NEEDS,1,Elementary,74,74,20 RAYMOND AVE,CORTLAND,NY,13045,MR.,DOUGLAS,PASQUERELLA,6077584150,dpasquerella@cortlandschools.org
7/1/1980,CORTLAND,110200010004,VIRGIL ELEMENTARY SCHOOL,17,PUBLIC SCHOOLS,1,PUBLIC SCHOOL CITY,3,URBAN/SUBURBAN/HIGH NEEDS,1,Elementary,74,74,1208 CHURCH ST,CORTLAND,NY,13045,MS.,LISA,KAUP,6077584130,lkaup@cortlandschools.org
7/1/1980,CORTLAND,110200010008,ALTON B PARKER SCHOOL,17,PUBLIC SCHOOLS,1,PUBLIC SCHOOL CITY,3,URBAN/SUBURBAN/HIGH NEEDS,1,Elementary,74,74,89 MADISON AVE,CORTLAND,NY,13045,MR.,JOSHUA,BACIGALUPI,6077584160,jbacigalupi@cortlandschools.org
7/1/1980,CORTLAND,110200010009,RANDALL SCHOOL,17,PUBLIC SCHOOLS,1,PUBLIC SCHOOL CITY,3,URBAN/SUBURBAN/HIGH NEEDS,1,Elementary,74,74,31 RANDALL ST,CORTLAND,NY,13045,MR.,CLIFFORD,KOSTUK,6077584170,ckostuk@cortlandschools.org
7/1/1980,CORTLAND,110200010010,F E SMITH SCHOOL,17,PUBLIC SCHOOLS,1,PUBLIC SCHOOL CITY,3,URBAN/SUBURBAN/HIGH NEEDS,1,Elementary,74,74,33 WHEELER AVE,CORTLAND,NY,13045,MS.,ANGELA,WANISH,6077584180,awanish@cortlandschools.org
7/1/1980,CORTLAND,110200010011,CORTLAND JUNIOR-SENIOR HIGH SCHOOL,17,PUBLIC SCHOOLS,1,PUBLIC SCHOOL CITY,3,URBAN/SUBURBAN/HIGH NEEDS,4,Junior Senior School,74,74,8 VALLEY VIEW DR,CORTLAND,NY,13045,MR.,JOSEPH,MACK,6077584100,jcmack@cortlandschools.org
7/1/1980,CORTLAND,110304040001,MCGRAW ELEMENTARY SCHOOL,17,PUBLIC SCHOOLS,4,PUBLIC SCHOOL CENTRAL,4,RURAL HIGH NEEDS,1,Elementary,77,77,PO BOX 556,MCGRAW,NY,13101,MS.,SUSAN,PRINCE,6078363650,sprince@mcgrawschools.org
7/1/1980,CORTLAND,110304040002,MCGRAW SECONDARY SCHOOL,17,PUBLIC SCHOOLS,4,PUBLIC SCHOOL CENTRAL,4,RURAL HIGH NEEDS,4,Junior Senior School,77,77,PO BOX 556,MCGRAW,NY,13101,MR.,MARK,DIMORIER,6078363600,mdimorier@mcgrawschools.org
7/1/1980,CORTLAND,110701060001,HOMER SENIOR HIGH SCHOOL,17,PUBLIC SCHOOLS,7,PUBLIC SCHOOL INDEPENDENT CENTRAL,5,AVERAGE NEEDS,5,Senior High,76,76,PO BOX 500,HOMER,NY,13077,MR.,DOUGLAS,VAN ETTEN,6077497246,dvanetten@homercentral.org
7/1/1980,CORTLAND,110701060002,HOMER ELEMENTARY SCHOOL,17,PUBLIC SCHOOLS,7,PUBLIC SCHOOL INDEPENDENT CENTRAL,5,AVERAGE NEEDS,1,Elementary,76,76,PO BOX 500,HOMER,NY,13077,MR.,JAMES,MCGORY,6077491250,jmcgory@homercentral.org
7/1/1980,CORTLAND,110701060003,HOMER INTERMEDIATE SCHOOL,17,PUBLIC SCHOOLS,7,PUBLIC SCHOOL INDEPENDENT CENTRAL,5,AVERAGE NEEDS,1,Elementary,76,76,PO BOX 500,HOMER,NY,13077,MS.,STEPHANIE,FALLS,6077491240,sfalls@homercentral.org
7/1/1999,CORTLAND,110701060006,HOMER JUNIOR HIGH SCHOOL,17,PUBLIC SCHOOLS,7,PUBLIC SCHOOL INDEPENDENT CENTRAL,5,AVERAGE NEEDS,2,Middle School,76,76,PO BOX 500,HOMER,NY,13077,MR.,THOMAS,TURCK,6077491240,tturck@homercentral.org
7/1/1980,CORTLAND,110901040001,MARATHON HIGH SCHOOL,17,PUBLIC SCHOOLS,4,PUBLIC SCHOOL CENTRAL,4,RURAL HIGH NEEDS,4,Junior Senior School,77,77,PO BOX 339,MARATHON,NY,13803,MR.,CHRISTOPHER,GRETHEL,6078493251,grethelc@marathonschools.org
7/1/1980,CORTLAND,110901040002,WILLIAM APPLEBY ELEMENTARY SCHOOL,17,PUBLIC SCHOOLS,4,PUBLIC SCHOOL CENTRAL,4,RURAL HIGH NEEDS,1,Elementary,77,77,PO BOX 339,MARATHON,NY,13803,MR.,JONATHAN,HILLIS,6078493281,hillisj@marathonschools.org
7/1/1980,MADISON,250109040001,BROOKFIELD CENTRAL SCHOOL,17,PUBLIC SCHOOLS,4,PUBLIC SCHOOL CENTRAL,4,RURAL HIGH NEEDS,6,K-12 School,77,77,PO BOX 60,BROOKFIELD,NY,13314,MS.,CARRIE,SMITH,3158993323,csmith@brookfieldcsd.org
7/1/1980,MADISON,250201060001,CAZENOVIA MIDDLE SCHOOL,17,PUBLIC SCHOOLS,7,PUBLIC SCHOOL INDEPENDENT CENTRAL,5,AVERAGE NEEDS,2,Middle School,76,76,31 EMORY AVE,CAZENOVIA,NY,13035,DR.,JEAN,REGAN,3156551324,jregan@caz.cnyric.org
7/1/1980,MADISON,250201060002,CAZENOVIA HIGH SCHOOL,17,PUBLIC SCHOOLS,7,PUBLIC SCHOOL INDEPENDENT CENTRAL,5,AVERAGE NEEDS,4,Junior Senior School,76,76,31 EMORY AVE,CAZENOVIA,NY,13035,MR.,ERIC,KNUTH,3156551314,eknuth@caz.cnyric.org
7/1/1980,MADISON,250201060006,BURTON STREET ELEMENTARY SCHOOL,17,PUBLIC SCHOOLS,7,PUBLIC SCHOOL INDEPENDENT CENTRAL,5,AVERAGE NEEDS,1,Elementary,76,76,37 BURTON ST,CAZENOVIA,NY,13035,MS.,MARYANN,MACINTOSH,3156551325,mmacintosh@caz.cnyric.org
7/1/1980,MADISON,250301040001,DERUYTER HIGH SCHOOL,17,PUBLIC SCHOOLS,4,PUBLIC SCHOOL CENTRAL,4,RURAL HIGH NEEDS,4,Junior Senior School,77,77,711 RAILROAD ST,DERUYTER,NY,13052,DR.,SARAH,STACK FEINBERG,3158523400,sfeinberg@deruytercentral.org
7/1/1987,MADISON,250301040002,DERUYTER ELEMENTARY SCHOOL,17,PUBLIC SCHOOLS,4,PUBLIC SCHOOL CENTRAL,4,RURAL HIGH NEEDS,1,Elementary,77,77,711 RAILROAD ST,DERUYTER,NY,13052,MS.,KIMBERLY,O'BRIEN,3158523400,obrien@deruytercentral.org
7/1/1980,MADISON,250401040001,EDWARD R ANDREWS ELEMENTARY SCHOOL,17,PUBLIC SCHOOLS,4,PUBLIC SCHOOL CENTRAL,4,RURAL HIGH NEEDS,1,Elementary,77,77,PO BOX 990,MORRISVILLE,NY,13408,MS.,DEBRA,DUSHKO,3156849288,ddushko@m-ecs.org
7/1/1980,MADISON,250401040004,MORRISVILLE MIDDLE SCHOOL HIGH SCHOOL,17,PUBLIC SCHOOLS,4,PUBLIC SCHOOL CENTRAL,4,RURAL HIGH NEEDS,4,Junior Senior School,77,77,PO BOX 990,MORRISVILLE,NY,13408,MR.,MICHAEL,SANDORE,3156849121,msandore@m-ecs.org
7/1/1980,MADISON,250701040001,HAMILTON JUNIOR-SENIOR HIGH SCHOOL,17,PUBLIC SCHOOLS,4,PUBLIC SCHOOL CENTRAL,5,AVERAGE NEEDS,4,Junior Senior School,77,77,47 W KENDRICK AVE,HAMILTON,NY,13346,MR.,WILLIAM,DOWSLAND,3158246320,wdowsland@hamiltoncentral.org
7/1/1990,MADISON,250701040002,HAMILTON ELEMENTARY SCHOOL,17,PUBLIC SCHOOLS,4,PUBLIC SCHOOL CENTRAL,5,AVERAGE NEEDS,1,Elementary,77,77,47 W KENDRICK AVE,HAMILTON,NY,13346,MR.,KEVIN,ELLIS,3158246330,kellis@hamiltoncentral.org
7/1/1980,MADISON,250901060003,PETERBORO STREET ELEMENTARY SCHOOL,17,PUBLIC SCHOOLS,7,PUBLIC SCHOOL INDEPENDENT CENTRAL,5,AVERAGE NEEDS,1,Elementary,76,76,220 N PETERBORO ST,CANASTOTA,NY,13032,MS.,JENNIFER,CARNAHAN,3156972027,jcarnahan@canastotacsd.org
7/1/1980,MADISON,250901060004,CANASTOTA HIGH SCHOOL,17,PUBLIC SCHOOLS,7,PUBLIC SCHOOL INDEPENDENT CENTRAL,5,AVERAGE NEEDS,4,Junior Senior School,76,76,101 ROBERTS ST,CANASTOTA,NY,13032,MR.,JAY,ALTOBELLO,3156972003,jaltobello@canastotacsd.org
7/1/1980,MADISON,250901060005,ROBERTS STREET MIDDLE SCHOOL,17,PUBLIC SCHOOLS,7,PUBLIC SCHOOL INDEPENDENT CENTRAL,5,AVERAGE NEEDS,1,Elementary,76,76,120 ROBERTS ST,CANASTOTA,NY,13032,MS.,MELISSA,STANEK,3156972029,mstanek@canastotacsd.org
7/1/1980,MADISON,250901060006,SOUTH SIDE ELEMENTARY SCHOOL,17,PUBLIC SCHOOLS,7,PUBLIC SCHOOL INDEPENDENT CENTRAL,5,AVERAGE NEEDS,1,Elementary,76,76,200 HIGH ST,CANASTOTA,NY,13032,MS.,JENNIFER,CARNAHAN,3156976372,jcarnahan@canastotacsd.org
7/1/1980,MADISON,251101040003,MADISON CENTRAL SCHOOL,17,PUBLIC SCHOOLS,4,PUBLIC SCHOOL CENTRAL,4,RURAL HIGH NEEDS,6,K-12 School,77,77,PO BOX 155,MADISON,NY,13402,MR.,LARRY,NICHOLS,3158931878,lnichols@madisoncentralny.org
7/1/1994,MADISON,251400010003,NORTH BROAD STREET SCHOOL,17,PUBLIC SCHOOLS,1,PUBLIC SCHOOL CITY,5,AVERAGE NEEDS,1,Elementary,74,74,230 N BROAD ST,ONEIDA,NY,13421,MR.,WILLIAM,SIMMONS,3153633650,wsimmons@oneidacsd.org
7/1/1994,MADISON,251400010005,SENECA STREET SCHOOL,17,PUBLIC SCHOOLS,1,PUBLIC SCHOOL CITY,5,AVERAGE NEEDS,1,Elementary,74,74,436 SENECA ST,ONEIDA,NY,13421,MS.,MOLLY,HAGAN,3153633930,mhagan@oneidacsd.org
7/1/1994,MADISON,251400010006,W F PRIOR ELEMENTARY SCHOOL,17,PUBLIC SCHOOLS,1,PUBLIC SCHOOL CITY,5,AVERAGE NEEDS,1,Elementary,74,74,205 EAST AVE,ONEIDA,NY,13421,MS.,MOIRA,YARDLEY,3153632190,myardley@oneidacsd.org
7/1/1994,MADISON,251400010008,OTTO L SHORTELL MIDDLE SCHOOL,17,PUBLIC SCHOOLS,1,PUBLIC SCHOOL CITY,5,AVERAGE NEEDS,2,Middle School,74,74,BOX 716,WAMPSVILLE,NY,13163,MR.,TODD,WIDRICK,3153631050,twidrick@oneidacsd.org
7/1/1994,MADISON,251400010009,ONEIDA SENIOR HIGH SCHOOL,17,PUBLIC SCHOOLS,1,PUBLIC SCHOOL CITY,5,AVERAGE NEEDS,5,Senior High,74,74,560 SENECA ST,ONEIDA,NY,13421,MR.,BRIAN,GALLAGHER,3153636901,bgallagher@oneidacsd.org
7/1/1980,MADISON,251501040001,STOCKBRIDGE VALLEY CENTRAL SCHOOL,17,PUBLIC SCHOOLS,4,PUBLIC SCHOOL CENTRAL,5,AVERAGE NEEDS,6,K-12 School,77,77,PO BOX 732,MUNNSVILLE,NY,13409,MR.,RONALD,SPADAFORA,3154954450,rspadafora@stockbridgevalley.org
7/1/1980,MADISON,251601060001,BRIDGEPORT ELEMENTARY SCHOOL,17,PUBLIC SCHOOLS,7,PUBLIC SCHOOL INDEPENDENT CENTRAL,5,AVERAGE NEEDS,1,Elementary,76,76,9076 NORTH RD,BRIDGEPORT,NY,13030,MS.,MARY,FARBER,3156872272,mfarber@chittenangoschools.org
7/1/1980,MADISON,251601060002,BOLIVAR ROAD ELEMENTARY SCHOOL,17,PUBLIC SCHOOLS,7,PUBLIC SCHOOL INDEPENDENT CENTRAL,5,AVERAGE NEEDS,1,Elementary,76,76,6983 BOLIVAR RD,CHITTENANGO,NY,13037,MR.,BENJAMIN,NEW,3156872882,bnew@chittenangoschools.org
7/1/1980,MADISON,251601060003,CHITTENANGO MIDDLE SCHOOL,17,PUBLIC SCHOOLS,7,PUBLIC SCHOOL INDEPENDENT CENTRAL,5,AVERAGE NEEDS,2,Middle School,76,76,1732 FYLER RD,CHITTENANGO,NY,13037,MR.,ARNOLD,MEROLA,3156872802,amerola@chittenangoschools.org
7/1/1980,MADISON,251601060005,CHITTENANGO HIGH SCHOOL,17,PUBLIC SCHOOLS,7,PUBLIC SCHOOL INDEPENDENT CENTRAL,5,AVERAGE NEEDS,5,Senior High,76,76,150 W GENESEE ST,CHITTENANGO,NY,13037,MR.,NICHOLAS,FERSCH,3156872978,nfersch@chittenangoschools.org
7/1/1980,ONONDAGA,420101060001,EAST HILL ELEMENTARY SCHOOL,17,PUBLIC SCHOOLS,7,PUBLIC SCHOOL INDEPENDENT CENTRAL,5,AVERAGE NEEDS,1,Elementary,75,75,401 BLACKMORE RD,CAMILLUS,NY,13031,MS.,LISA,CRAIG,3154874648,lcraig@westgenesee.org
7/1/1980,ONONDAGA,420101060003,STONEHEDGE ELEMENTARY SCHOOL,17,PUBLIC SCHOOLS,7,PUBLIC SCHOOL INDEPENDENT CENTRAL,5,AVERAGE NEEDS,1,Elementary,75,75,400 SANDERSON DR,CAMILLUS,NY,13031,MR.,BRENT,SUDDABY,3154874631,bsuddaby@westgenesee.org
7/1/1980,ONONDAGA,420101060005,ONONDAGA ROAD ELEMENTARY SCHOOL,17,PUBLIC SCHOOLS,7,PUBLIC SCHOOL INDEPENDENT CENTRAL,5,AVERAGE NEEDS,1,Elementary,75,75,703 ONONDAGA RD,SYRACUSE,NY,13219,MS.,JEANNETTE,CLARK,3154874653,jclark@westgenesee.org
7/1/1980,ONONDAGA,420101060006,SPLIT ROCK ELEMENTARY SCHOOL,17,PUBLIC SCHOOLS,7,PUBLIC SCHOOL INDEPENDENT CENTRAL,5,AVERAGE NEEDS,1,Elementary,75,75,4151 SPLIT ROCK RD,CAMILLUS,NY,13031,MR.,TODD,FREEMAN,3154874656,tfreeman@westgenesee.org
7/1/1980,ONONDAGA,420101060008,WEST GENESEE MIDDLE SCHOOL,17,PUBLIC SCHOOLS,7,PUBLIC SCHOOL INDEPENDENT CENTRAL,5,AVERAGE NEEDS,2,Middle School,75,75,500 SANDERSON DR,CAMILLUS,NY,13031,MR.,STEPHEN,DUNHAM,3154874615,sdunham@westgenesee.org
7/1/1980,ONONDAGA,420101060009,WEST GENESEE SENIOR HIGH SCHOOL,17,PUBLIC SCHOOLS,7,PUBLIC SCHOOL INDEPENDENT CENTRAL,5,AVERAGE NEEDS,5,Senior High,75,75,5201 W GENESEE ST,CAMILLUS,NY,13031,MR.,GEOFFREY,MORTON,3154874592,gmorton@westgenesee.org
7/1/1980,ONONDAGA,420101060011,CAMILLUS MIDDLE SCHOOL,17,PUBLIC SCHOOLS,7,PUBLIC SCHOOL INDEPENDENT CENTRAL,5,AVERAGE NEEDS,2,Middle School,75,75,5525 IKE DIXON RD,CAMILLUS,NY,13031,MS.,BETH,LOZIER,3156723159,blozier@westgenesee.org
7/1/1980,ONONDAGA,420303060001,ALLEN ROAD ELEMENTARY SCHOOL,17,PUBLIC SCHOOLS,7,PUBLIC SCHOOL INDEPENDENT CENTRAL,5,AVERAGE NEEDS,1,Elementary,75,75,803 ALLEN RD,NORTH SYRACUSE,NY,13212,MR.,DAVID,LUNDEN,3152182300,dlunden@nscsd.org
7/1/1980,ONONDAGA,420303060002,KARL W SAILE BEAR ROAD ELEMENTARY SCHOOL,17,PUBLIC SCHOOLS,7,PUBLIC SCHOOL INDEPENDENT CENTRAL,5,AVERAGE NEEDS,1,Elementary,75,75,5590 BEAR RD,NORTH SYRACUSE,NY,13212,MR.,JOHN,COLE,3152182400,jcole2@nscsd.org
7/1/1980,ONONDAGA,420303060003,CICERO ELEMENTARY SCHOOL,17,PUBLIC SCHOOLS,7,PUBLIC SCHOOL INDEPENDENT CENTRAL,5,AVERAGE NEEDS,1,Elementary,75,75,5979 RT 31,CICERO,NY,13039,MS.,KATHLEEN,WHEELER,3152182500,kwheeler3@nscsd.org
7/1/1980,ONONDAGA,420303060004,LAKESHORE ROAD ELEMENTARY SCHOOL,17,PUBLIC SCHOOLS,7,PUBLIC SCHOOL INDEPENDENT CENTRAL,5,AVERAGE NEEDS,1,Elementary,75,75,7180 LAKESHORE RD,CICERO,NY,13039,MR.,MATTHEW,MOTALA,3152182600,mmotala@nscsd.org
7/1/1980,ONONDAGA,420303060007,ROXBORO ROAD ELEMENTARY SCHOOL,17,PUBLIC SCHOOLS,7,PUBLIC SCHOOL INDEPENDENT CENTRAL,5,AVERAGE NEEDS,1,Elementary,75,75,200 BERNARD ST,SYRACUSE,NY,13211,MS.,JACQUELYN,GRACE,3152182700,jgrace@nscsd.org
7/1/1980,ONONDAGA,420303060008,SMITH ROAD ELEMENTARY SCHOOL,17,PUBLIC SCHOOLS,7,PUBLIC SCHOOL INDEPENDENT CENTRAL,5,AVERAGE NEEDS,1,Elementary,75,75,5959 SMITH RD,NORTH SYRACUSE,NY,13212,MR.,GREGORY,STONE,3152182800,gstone@nscsd.org
7/1/1980,ONONDAGA,420303060009,GILLETTE ROAD MIDDLE SCHOOL,17,PUBLIC SCHOOLS,7,PUBLIC SCHOOL INDEPENDENT CENTRAL,5,AVERAGE NEEDS,2,Middle School,75,75,6150 S BAY RD,CICERO,NY,13039,MR.,CHRISTOPHER,LEAHEY,3152183000,cleahey@nscsd.org
7/1/1980,ONONDAGA,420303060010,NORTH SYRACUSE JUNIOR HIGH SCHOOL,17,PUBLIC SCHOOLS,7,PUBLIC SCHOOL INDEPENDENT CENTRAL,5,AVERAGE NEEDS,3,Junior High School,75,75,5353 W TAFT RD,NORTH SYRACUSE,NY,13212,MS.,CONSTANCE,TUROSE,3152183600,cturose@nscsd.org
7/1/1980,ONONDAGA,420303060011,ROXBORO ROAD MIDDLE SCHOOL,17,PUBLIC SCHOOLS,7,PUBLIC SCHOOL INDEPENDENT CENTRAL,5,AVERAGE NEEDS,2,Middle School,75,75,300 BERNARD ST,SYRACUSE,NY,13211,MR.,DAVID,SHAW,3152183300,dshaw@nscsd.org
7/1/1980,ONONDAGA,420303060014,CICERO-NORTH SYRACUSE HIGH SCHOOL,17,PUBLIC SCHOOLS,7,PUBLIC SCHOOL INDEPENDENT CENTRAL,5,AVERAGE NEEDS,5,Senior High,75,75,6002 RT 31,CICERO,NY,13039,MR.,WILLIAM,LACLAIR,3152194001,wlaclair@nscsd.org
7/1/1980,ONONDAGA,420303060015,MAIN STREET ELEMENTARY SCHOOL,17,PUBLIC SCHOOLS,7,PUBLIC SCHOOL INDEPENDENT CENTRAL,5,AVERAGE NEEDS,0,Pre-K Only,75,75,205 S MAIN ST,NORTH SYRACUSE,NY,13212,MS.,DAWN,HUSSEIN,3152182200,dhussein@nscsd.org
7/1/1989,ONONDAGA,420401060001,PARK HILL SCHOOL,17,PUBLIC SCHOOLS,7,PUBLIC SCHOOL INDEPENDENT CENTRAL,5,AVERAGE NEEDS,0,Pre-K Only,75,75,303 ROBY AVE,EAST SYRACUSE,NY,13057,MS.,CAROL,FELDMEIER,3154343800,cfeldmeier@esmschools.org
7/1/1980,ONONDAGA,420401060002,FREMONT ELEMENTARY SCHOOL,17,PUBLIC SCHOOLS,7,PUBLIC SCHOOL INDEPENDENT CENTRAL,5,AVERAGE NEEDS,1,Elementary,75,75,115 RICHMOND RD W,EAST SYRACUSE,NY,13057,MR.,NATHAN,HACKER,3154343480,nhacker@esmschools.org
7/1/2001,ONONDAGA,420401060003,EAST SYRACUSE ELEMENTARY SCHOOL,17,PUBLIC SCHOOLS,7,PUBLIC SCHOOL INDEPENDENT CENTRAL,5,AVERAGE NEEDS,1,Elementary,75,75,230 KINNE ST,EAST SYRACUSE,NY,13057,MR.,RON,PERRY,3154343850,rperry@esmschools.org
7/1/1980,ONONDAGA,420401060004,WOODLAND ELEMENTARY SCHOOL,17,PUBLIC SCHOOLS,7,PUBLIC SCHOOL INDEPENDENT CENTRAL,5,AVERAGE NEEDS,1,Elementary,75,75,6316 FREMONT RD,EAST SYRACUSE,NY,13057,MS.,GINA,TERZINI,3154343440,gterzini@esmschools.org
7/1/1980,ONONDAGA,420401060005,EAST SYRACUSE MINOA CENTRAL HIGH SCHOOL,17,PUBLIC SCHOOLS,7,PUBLIC SCHOOL INDEPENDENT CENTRAL,5,AVERAGE NEEDS,5,Senior High,75,75,6400 FREMONT RD,EAST SYRACUSE,NY,13057,MR.,GRENARDO,AVELLINO,3154343300,gavellino@esmschools.org
7/1/1980,ONONDAGA,420401060009,MINOA ELEMENTARY SCHOOL,17,PUBLIC SCHOOLS,7,PUBLIC SCHOOL INDEPENDENT CENTRAL,5,AVERAGE NEEDS,1,Elementary,75,75,501 N MAIN ST,MINOA,NY,13116,MS.,MARY,WARD,3154343420,mward@esmschools.org
7/1/1980,ONONDAGA,420401060010,PINE GROVE MIDDLE SCHOOL,17,PUBLIC SCHOOLS,7,PUBLIC SCHOOL INDEPENDENT CENTRAL,5,AVERAGE NEEDS,2,Middle School,75,75,6318 FREMONT RD,EAST SYRACUSE,NY,13057,MR.,DOUGLAS,MOHORTER,3154343050,dmohorter@esmschools.org
7/1/1980,ONONDAGA,420411060002,JAMESVILLE ELEMENTARY SCHOOL,17,PUBLIC SCHOOLS,7,PUBLIC SCHOOL INDEPENDENT CENTRAL,5,AVERAGE NEEDS,1,Elementary,75,75,6409 E SENECA TPKE,JAMESVILLE,NY,13078,MR.,PETER,REYES,3154458460,preyes@jd.cnyric.org
7/1/1980,ONONDAGA,420411060003,MOSES DEWITT ELEMENTARY SCHOOL,17,PUBLIC SCHOOLS,7,PUBLIC SCHOOL INDEPENDENT CENTRAL,5,AVERAGE NEEDS,1,Elementary,75,75,201 JAMESVILLE RD,DEWITT,NY,13214,MS.,MARY,SYLVESTER,3154458370,msylvester@jd.cnyric.org
7/1/1990,ONONDAGA,420411060004,TECUMSEH ELEMENTARY SCHOOL,17,PUBLIC SCHOOLS,7,PUBLIC SCHOOL INDEPENDENT CENTRAL,5,AVERAGE NEEDS,1,Elementary,75,75,901 NOTTINGHAM RD,JAMESVILLE,NY,13078,MS.,JILL,ZERRILLO,3154458320,jzerrillo@jd.cnyric.org
7/1/1980,ONONDAGA,420411060005,JAMESVILLE-DEWITT MIDDLE SCHOOL,17,PUBLIC SCHOOLS,7,PUBLIC SCHOOL INDEPENDENT CENTRAL,5,AVERAGE NEEDS,2,Middle School,75,75,6280 RANDALL RD,JAMESVILLE,NY,13078,MR.,THOMAS,ELDRIDGE,3154458360,aeldridge@jd.cnyric.org
7/1/1980,ONONDAGA,420411060006,JAMESVILLE-DEWITT HIGH SCHOOL,17,PUBLIC SCHOOLS,7,PUBLIC SCHOOL INDEPENDENT CENTRAL,5,AVERAGE NEEDS,5,Senior High,75,75,6845 EDINGER DR,DEWITT,NY,13214,MR.,PAUL,GASPARINI,3154458340,pgasparini@jd.cnyric.org
7/1/1980,ONONDAGA,420501060001,ELBRIDGE ELEMENTARY SCHOOL,17,PUBLIC SCHOOLS,7,PUBLIC SCHOOL INDEPENDENT CENTRAL,5,AVERAGE NEEDS,1,Elementary,76,76,PO BOX 170,ELBRIDGE,NY,13060,MR.,R J,HARTWELL,3156898540,rjhartwell@jecsd.org
7/1/1980,ONONDAGA,420501060003,JORDAN-ELBRIDGE HIGH SCHOOL,17,PUBLIC SCHOOLS,7,PUBLIC SCHOOL INDEPENDENT CENTRAL,5,AVERAGE NEEDS,5,Senior High,76,76,PO BOX 901,JORDAN,NY,13080,DR.,DAVID,ZEHNER,3156898510,dzehner@jecsd.org
7/1/1996,ONONDAGA,420501060004,JORDAN-ELBRIDGE MIDDLE SCHOOL,17,PUBLIC SCHOOLS,7,PUBLIC SCHOOL INDEPENDENT CENTRAL,5,AVERAGE NEEDS,2,Middle School,76,76,PO BOX 902,JORDAN,NY,13080,MR.,DAVID,SHAFER,3156898520,dshafer@jecsd.org
7/1/1980,ONONDAGA,420601040001,FABIUS-POMPEY ELEMENTARY SCHOOL,17,PUBLIC SCHOOLS,4,PUBLIC SCHOOL CENTRAL,5,AVERAGE NEEDS,1,Elementary,77,77,7800 MAIN ST,FABIUS,NY,13063,MS.,ANDREA,NARDOZZI,3156835857,anardozzi@fabiuspompey.org
7/1/1980,ONONDAGA,420601040003,FABIUS-POMPEY MIDDLE SCHOOL HIGH SCHOOL,17,PUBLIC SCHOOLS,4,PUBLIC SCHOOL CENTRAL,5,AVERAGE NEEDS,4,Junior Senior School,77,77,1211 MILL ST,FABIUS,NY,13063,MR.,KEVIN,LINCK,3156835811,klinck@fabiuspompey.org
7/1/1980,ONONDAGA,420701060001,WESTHILL HIGH SCHOOL,17,PUBLIC SCHOOLS,7,PUBLIC SCHOOL INDEPENDENT CENTRAL,5,AVERAGE NEEDS,5,Senior High,76,76,4501 ONONDAGA BLVD,SYRACUSE,NY,13219,MR.,LEE,ROSCOE,3154263100,lroscoe@westhillschools.org
7/1/1980,ONONDAGA,420701060002,CHERRY ROAD ELEMENTARY SCHOOL,17,PUBLIC SCHOOLS,7,PUBLIC SCHOOL INDEPENDENT CENTRAL,5,AVERAGE NEEDS,1,Elementary,76,76,201 CHERRY RD,SYRACUSE,NY,13219,MS.,MAUREEN,MULDERIG,3154263300,mmulderig@westhillschools.org
7/1/1987,ONONDAGA,420701060003,WALBERTA PARK PRIMARY SCHOOL,17,PUBLIC SCHOOLS,7,PUBLIC SCHOOL INDEPENDENT CENTRAL,5,AVERAGE NEEDS,1,Elementary,76,76,400 WALBERTA RD,SYRACUSE,NY,13219,MS.,BETH,KRAMER,3154263200,bkramer@westhillschools.org
7/1/1980,ONONDAGA,420701060004,ONONDAGA HILL MIDDLE SCHOOL,17,PUBLIC SCHOOLS,7,PUBLIC SCHOOL INDEPENDENT CENTRAL,5,AVERAGE NEEDS,2,Middle School,76,76,4860 ONONDAGA RD,SYRACUSE,NY,13215,MR.,MARK,BEDNARSKI,3154263400,mbednarski@westhillschools.org
7/1/1980,ONONDAGA,420702030001,SOLVAY ELEMENTARY SCHOOL,17,PUBLIC SCHOOLS,3,PUBLIC SCHOOL INDEPENDENT UNION FREE,3,URBAN/SUBURBAN/HIGH NEEDS,1,Elementary,76,76,701 WOODS RD,SOLVAY,NY,13209,MR.,MATTHEW,CARPENTER,3154885422,mcarpenter@solvayschools.org
7/1/1980,ONONDAGA,420702030004,SOLVAY HIGH SCHOOL,17,PUBLIC SCHOOLS,3,PUBLIC SCHOOL INDEPENDENT UNION FREE,3,URBAN/SUBURBAN/HIGH NEEDS,5,Senior High,76,76,600 GERTRUDE AVE,SOLVAY,NY,13209,MR.,JAY,TINKLEPAUGH,3154682551,jtinklepaugh@solvayschools.org
7/1/2004,ONONDAGA,420702030007,SOLVAY MIDDLE SCHOOL,17,PUBLIC SCHOOLS,3,PUBLIC SCHOOL INDEPENDENT UNION FREE,3,URBAN/SUBURBAN/HIGH NEEDS,1,Elementary,76,76,299 BURY DR,SYRACUSE,NY,13209,MS.,DIANE,HAGEMANN,3154877061,dhagemann@solvayschools.org
7/1/1980,ONONDAGA,420807040002,ONONDAGA NATION SCHOOL,17,PUBLIC SCHOOLS,4,PUBLIC SCHOOL CENTRAL,5,AVERAGE NEEDS,1,Elementary,77,77,BOX 270,NEDROW,NY,13120,MS.,DIANE,ELLSWORTH,3154696991,dellsworth@lafayetteschools.org
7/1/1980,ONONDAGA,420807040003,LA FAYETTE JUNIOR-SENIOR HIGH SCHOOL,17,PUBLIC SCHOOLS,4,PUBLIC SCHOOL CENTRAL,5,AVERAGE NEEDS,4,Junior Senior School,77,77,3122 ROUTE 11N,LAFAYETTE,NY,13084,MR.,JASON,RYAN,3156773152,jpryan@lafayetteschools.org
7/1/1980,ONONDAGA,420807040004,C GRANT GRIMSHAW SCHOOL,17,PUBLIC SCHOOLS,4,PUBLIC SCHOOL CENTRAL,5,AVERAGE NEEDS,1,Elementary,77,77,5957 US RT 20W,LAFAYETTE,NY,13084,MS.,JENNIFER,BLOSSEY,3156773131,jblossey@lafayetteschools.org
7/1/1980,ONONDAGA,420901060002,HARRY E ELDEN ELEMENTARY SCHOOL,17,PUBLIC SCHOOLS,7,PUBLIC SCHOOL INDEPENDENT CENTRAL,5,AVERAGE NEEDS,1,Elementary,75,75,29 E ONEIDA ST,BALDWINSVILLE,NY,13027,MR.,THOMAS,COUGHLIN,3156386118,tcoughlin@bville.org
7/1/1980,ONONDAGA,420901060003,CATHERINE M MCNAMARA ELEMENTARY SCHOOL,17,PUBLIC SCHOOLS,7,PUBLIC SCHOOL INDEPENDENT CENTRAL,5,AVERAGE NEEDS,1,Elementary,75,75,7344 O'BRIEN RD,BALDWINSVILLE,NY,13027,MS.,JANE,NADOLSKI,3156386130,jnadolski@bville.org
7/1/1980,ONONDAGA,420901060004,L PEARL PALMER ELEMENTARY SCHOOL,17,PUBLIC SCHOOLS,7,PUBLIC SCHOOL INDEPENDENT CENTRAL,5,AVERAGE NEEDS,1,Elementary,75,75,7864 HICKS RD,BALDWINSVILLE,NY,13027,MS.,MELISSA,PIETRICOLA,3156386127,mpietricola@bville.org
7/1/1980,ONONDAGA,420901060005,VAN BUREN ELEMENTARY SCHOOL,17,PUBLIC SCHOOLS,7,PUBLIC SCHOOL INDEPENDENT CENTRAL,5,AVERAGE NEEDS,1,Elementary,75,75,14 FORD ST,BALDWINSVILLE,NY,13027,MS.,DANIELLE,NAHORNEY,3156386121,dnahorney@bville.org
7/1/1980,ONONDAGA,420901060006,THEODORE R DURGEE JUNIOR HIGH SCHOOL,17,PUBLIC SCHOOLS,7,PUBLIC SCHOOL INDEPENDENT CENTRAL,5,AVERAGE NEEDS,3,Junior High School,75,75,29 E ONEIDA ST,BALDWINSVILLE,NY,13027,MS.,BONNIE,VANBENSCHOTEN,3156386086,bvanbenschoten@bville.org
7/1/1980,ONONDAGA,420901060007,CHARLES W BAKER HIGH SCHOOL,17,PUBLIC SCHOOLS,7,PUBLIC SCHOOL INDEPENDENT CENTRAL,5,AVERAGE NEEDS,5,Senior High,75,75,29 E ONEIDA ST,BALDWINSVILLE,NY,13027,MR.,DONALD,ROOT,3156386008,droot@bville.org
7/1/1980,ONONDAGA,420901060008,MAE E REYNOLDS SCHOOL,17,PUBLIC SCHOOLS,7,PUBLIC SCHOOL INDEPENDENT CENTRAL,5,AVERAGE NEEDS,1,Elementary,75,75,222 DEERWOOD DR,BALDWINSVILLE,NY,13027,MS.,MELISSA,CHIODO-MILLER,3156386124,mmiller@bville.org
7/1/1980,ONONDAGA,420901060009,DONALD S RAY SCHOOL,17,PUBLIC SCHOOLS,7,PUBLIC SCHOOL INDEPENDENT CENTRAL,5,AVERAGE NEEDS,3,Junior High School,75,75,7650 VAN BUREN RD,BALDWINSVILLE,NY,13027,MR.,ALEXANDER,EWING,3156386106,aewing@bville.org
7/1/1980,ONONDAGA,421001060001,FAYETTEVILLE ELEMENTARY SCHOOL,17,PUBLIC SCHOOLS,7,PUBLIC SCHOOL INDEPENDENT CENTRAL,6,LOW NEEDS,1,Elementary,75,75,704 S MANLIUS ST,FAYETTEVILLE,NY,13066,MS.,EILEEN,LUX,3156921600,elux@fmschools.org
7/1/1980,ONONDAGA,421001060002,FAYETTEVILLE-MANLIUS SENIOR HIGH SCHOOL,17,PUBLIC SCHOOLS,7,PUBLIC SCHOOL INDEPENDENT CENTRAL,6,LOW NEEDS,5,Senior High,75,75,8201 E SENECA TPKE,MANLIUS,NY,13104,MR.,RAYMOND,KILMER,3156921900,rkilmer@fmschools.org
7/1/1980,ONONDAGA,421001060005,EAGLE HILL MIDDLE SCHOOL,17,PUBLIC SCHOOLS,7,PUBLIC SCHOOL INDEPENDENT CENTRAL,6,LOW NEEDS,2,Middle School,75,75,4645 ENDERS RD,MANLIUS,NY,13104,MS.,MAUREEN,MCCRYSTAL,3156921400,mmccrystal@fmschools.org
7/1/1980,ONONDAGA,421001060006,WELLWOOD MIDDLE SCHOOL,17,PUBLIC SCHOOLS,7,PUBLIC SCHOOL INDEPENDENT CENTRAL,6,LOW NEEDS,2,Middle School,75,75,700 S MANLIUS ST,FAYETTEVILLE,NY,13066,MS.,MELISSA,CORBIN,3156921300,mcorbin@fmschools.org
7/1/1987,ONONDAGA,421001060007,MOTT ROAD ELEMENTARY SCHOOL,17,PUBLIC SCHOOLS,7,PUBLIC SCHOOL INDEPENDENT CENTRAL,6,LOW NEEDS,1,Elementary,75,75,7173 MOTT RD,FAYETTEVILLE,NY,13066,MS.,JONNA,BALL-JOHNSON,3156921700,jjohnson@fmschools.org
7/1/1980,ONONDAGA,421001060008,ENDERS ROAD ELEMENTARY SCHOOL,17,PUBLIC SCHOOLS,7,PUBLIC SCHOOL INDEPENDENT CENTRAL,6,LOW NEEDS,1,Elementary,75,75,4725 ENDERS RD,MANLIUS,NY,13104,MS.,DEBORAH,CAPRI,3156921500,dcapri@fmschools.org
7/1/1980,ONONDAGA,421101060001,K C HEFFERNAN ELEMENTARY SCHOOL,17,PUBLIC SCHOOLS,7,PUBLIC SCHOOL INDEPENDENT CENTRAL,5,AVERAGE NEEDS,1,Elementary,76,76,2 LEARNERS LNDG,MARCELLUS,NY,13108,MR.,GARY,BISSAILLON,3156736100,gbissaillon@marcellusschools.org
7/1/1980,ONONDAGA,421101060003,MARCELLUS HIGH SCHOOL,17,PUBLIC SCHOOLS,7,PUBLIC SCHOOL INDEPENDENT CENTRAL,5,AVERAGE NEEDS,5,Senior High,76,76,1 MUSTANG HILL,MARCELLUS,NY,13108,MR.,JOHN,DURKEE,3156736300,jdurkee@marcellusschools.org
7/1/1980,ONONDAGA,421101060004,C S DRIVER MIDDLE SCHOOL,17,PUBLIC SCHOOLS,7,PUBLIC SCHOOL INDEPENDENT CENTRAL,5,AVERAGE NEEDS,1,Elementary,76,76,2 REED PKWY,MARCELLUS,NY,13108,MS.,JANET,O'MARA,3156736200,jomara@marcellusschools.org
7/1/1980,ONONDAGA,421201040001,ROCKWELL ELEMENTARY SCHOOL,17,PUBLIC SCHOOLS,4,PUBLIC SCHOOL CENTRAL,5,AVERAGE NEEDS,1,Elementary,77,77,208 ROCKWELL RD,NEDROW,NY,13120,MS.,MARGARET,HART,3155525070,mhart@ocs.cnyric.org
7/1/1980,ONONDAGA,421201040002,WHEELER ELEMENTARY SCHOOL,17,PUBLIC SCHOOLS,4,PUBLIC SCHOOL CENTRAL,5,AVERAGE NEEDS,1,Elementary,77,77,4543 S ONONDAGA RD,NEDROW,NY,13120,MR.,TIMOTHY,COWIN,3155525050,tcowin@ocs.cnyric.org
7/1/1980,ONONDAGA,421201040003,ONONDAGA SENIOR HIGH SCHOOL,17,PUBLIC SCHOOLS,4,PUBLIC SCHOOL CENTRAL,5,AVERAGE NEEDS,4,Junior Senior School,77,77,4479 S ONONDAGA RD,NEDROW,NY,13120,MR.,TIMOTHY,MUMFORD,3155525020,tmumford@ocs.cnyric.org
7/1/1980,ONONDAGA,421501060001,NATE PERRY ELEMENTARY SCHOOL,17,PUBLIC SCHOOLS,7,PUBLIC SCHOOL INDEPENDENT CENTRAL,5,AVERAGE NEEDS,1,Elementary,75,75,7053 BUCKLEY RD,LIVERPOOL,NY,13088,MS.,DANA,ZIEGLER,3154530272,dziegler@liverpool.k12.ny.us
7/1/1980,ONONDAGA,421501060002,CHESTNUT HILL MIDDLE SCHOOL,17,PUBLIC SCHOOLS,7,PUBLIC SCHOOL INDEPENDENT CENTRAL,5,AVERAGE NEEDS,3,Junior High School,75,75,204 SASLON PARK DR,LIVERPOOL,NY,13088,MR.,MICHAEL,BAROODY,3154530245,mbaroody@liverpool.k12.ny.us
7/1/1980,ONONDAGA,421501060004,ELMCREST ELEMENTARY SCHOOL,17,PUBLIC SCHOOLS,7,PUBLIC SCHOOL INDEPENDENT CENTRAL,5,AVERAGE NEEDS,1,Elementary,75,75,350 WOODSPATH RD,LIVERPOOL,NY,13090,MS.,DAPHNE,VALENTINE,3154531252,dvalentine@liverpool.k12.ny.us
7/1/1980,ONONDAGA,421501060005,LIVERPOOL MIDDLE SCHOOL,17,PUBLIC SCHOOLS,7,PUBLIC SCHOOL INDEPENDENT CENTRAL,5,AVERAGE NEEDS,3,Junior High School,75,75,720 SEVENTH ST,LIVERPOOL,NY,13088,MR.,JOSEPH,MUSSI,3154530258,jmussi@liverpool.k12.ny.us
7/1/1980,ONONDAGA,421501060009,CHESTNUT HILL ELEMENTARY SCHOOL,17,PUBLIC SCHOOLS,7,PUBLIC SCHOOL INDEPENDENT CENTRAL,5,AVERAGE NEEDS,1,Elementary,75,75,200 SASLON PARK DR,LIVERPOOL,NY,13088,MR.,TODD,BOURCY,3154530242,tbourcy@liverpool.k12.ny.us
7/1/1980,ONONDAGA,421501060010,LIVERPOOL ELEMENTARY SCHOOL,17,PUBLIC SCHOOLS,7,PUBLIC SCHOOL INDEPENDENT CENTRAL,5,AVERAGE NEEDS,1,Elementary,75,75,910 2ND ST,LIVERPOOL,NY,13088,MS.,DARCY,CANGELLO,3154530254,dcangello@liverpool.k12.ny.us
7/1/1980,ONONDAGA,421501060011,LIVERPOOL HIGH SCHOOL,17,PUBLIC SCHOOLS,7,PUBLIC SCHOOL INDEPENDENT CENTRAL,5,AVERAGE NEEDS,5,Senior High,75,75,4338 WETZEL RD,LIVERPOOL,NY,13090,MR.,DOUGLAS,LAWRENCE,3154531500,dlawrence@liverpool.k12.ny.us
7/1/1980,ONONDAGA,421501060012,MORGAN ROAD ELEMENTARY SCHOOL,17,PUBLIC SCHOOLS,7,PUBLIC SCHOOL INDEPENDENT CENTRAL,5,AVERAGE NEEDS,1,Elementary,75,75,7795 WETZEL RD,LIVERPOOL,NY,13090,MR.,BRETT,WOODCOCK,3154531268,bwoodcock@liverpool.k12.ny.us
7/1/1980,ONONDAGA,421501060013,SOULE ROAD ELEMENTARY SCHOOL,17,PUBLIC SCHOOLS,7,PUBLIC SCHOOL INDEPENDENT CENTRAL,5,AVERAGE NEEDS,1,Elementary,75,75,8338 SOULE RD,LIVERPOOL,NY,13090,MS.,JEANNE,BROWN,3154531280,jbrown@liverpool.k12.ny.us
7/1/1980,ONONDAGA,421501060014,SOULE ROAD MIDDLE SCHOOL,17,PUBLIC SCHOOLS,7,PUBLIC SCHOOL INDEPENDENT CENTRAL,5,AVERAGE NEEDS,3,Junior High School,75,75,8340 SOULE RD,LIVERPOOL,NY,13090,MS.,AMANDA,CALDWELL,3154531283,acaldwell@liverpool.k12.ny.us
7/1/1980,ONONDAGA,421501060015,LONG BRANCH ELEMENTARY SCHOOL,17,PUBLIC SCHOOLS,7,PUBLIC SCHOOL INDEPENDENT CENTRAL,5,AVERAGE NEEDS,1,Elementary,75,75,4035 LONG BRANCH RD,LIVERPOOL,NY,13088,MR.,ROBERT,MCCRONE,3154530261,rmccrone@liverpool.k12.ny.us
7/1/1980,ONONDAGA,421501060016,DONLIN DRIVE ELEMENTARY SCHOOL,17,PUBLIC SCHOOLS,7,PUBLIC SCHOOL INDEPENDENT CENTRAL,5,AVERAGE NEEDS,1,Elementary,75,75,299 DONLIN DR,LIVERPOOL,NY,13088,MS.,HEATHER,SILVIA,3154530249,hsilvia@liverpool.k12.ny.us
7/1/1989,ONONDAGA,421501060019,WILLOW FIELD ELEMENTARY SCHOOL,17,PUBLIC SCHOOLS,7,PUBLIC SCHOOL INDEPENDENT CENTRAL,5,AVERAGE NEEDS,1,Elementary,75,75,3900 RT 31,LIVERPOOL,NY,13090,MR.,JOHN,SARDELLA,3154531196,jsardella@liverpool.k12.ny.us
7/1/1980,ONONDAGA,421504020001,LYNCOURT SCHOOL,17,PUBLIC SCHOOLS,2,PUBLIC SCHOOL UNION FREE,5,AVERAGE NEEDS,1,Elementary,77,77,2707-2709 COURT ST,SYRACUSE,NY,13208,MS.,KIMBERLY,DAVIS,3154557571,kdavis@lyncourtschool.org
7/1/1980,ONONDAGA,421601060002,SKANEATELES SENIOR HIGH SCHOOL,17,PUBLIC SCHOOLS,7,PUBLIC SCHOOL INDEPENDENT CENTRAL,6,LOW NEEDS,5,Senior High,76,76,49 E ELIZABETH ST,SKANEATELES,NY,13152,MR.,GREGORY,SANTORO,3152912231,gsantoro@skanschools.org
7/1/1980,ONONDAGA,421601060003,WATERMAN ELEMENTARY SCHOOL,17,PUBLIC SCHOOLS,7,PUBLIC SCHOOL INDEPENDENT CENTRAL,6,LOW NEEDS,1,Elementary,76,76,55 EAST ST,SKANEATELES,NY,13152,MR.,STEPHEN,WIDRICK,3152912351,swidrick@skanschools.org
7/1/1980,ONONDAGA,421601060004,STATE STREET INTERMEDIATE SCHOOL,17,PUBLIC SCHOOLS,7,PUBLIC SCHOOL INDEPENDENT CENTRAL,6,LOW NEEDS,1,Elementary,76,76,72 STATE ST,SKANEATELES,NY,13152,MR.,STEPHEN,WIDRICK,3152912261,swidrick@skanschools.org
7/1/1980,ONONDAGA,421601060005,SKANEATELES MIDDLE SCHOOL,17,PUBLIC SCHOOLS,7,PUBLIC SCHOOL INDEPENDENT CENTRAL,6,LOW NEEDS,2,Middle School,76,76,35 EAST ST,SKANEATELES,NY,13152,MR.,GARY,GERST,3152912241,ggerst@skanschools.org
7/1/1980,ONONDAGA,421800010003,CLARY MIDDLE SCHOOL,17,PUBLIC SCHOOLS,1,PUBLIC SCHOOL CITY,2,LARGE CITY,2,Middle School,72,72,100 AMIDON DR,SYRACUSE,NY,13205,MS.,CHARINA,JOHNSON-TURNER,3154354411,cjohnson-turner@scsd.us
7/1/1980,ONONDAGA,421800010004,BELLEVUE ELEMENTARY SCHOOL,17,PUBLIC SCHOOLS,1,PUBLIC SCHOOL CITY,2,LARGE CITY,1,Elementary,72,72,530 STOLP AVE,SYRACUSE,NY,13207,MS.,SARAH,CUPELLI,3154354520,scupelli@scsd.us
7/1/1980,ONONDAGA,421800010006,VAN DUYN ELEMENTARY SCHOOL,17,PUBLIC SCHOOLS,1,PUBLIC SCHOOL CITY,2,LARGE CITY,1,Elementary,72,72,401 LOOMIS AVE,SYRACUSE,NY,13207,MS.,EVA,WILLIAMS,3154354660,ewilliams3@scsd.us
7/1/1980,ONONDAGA,421800010008,EDWARD SMITH K-8 SCHOOL,17,PUBLIC SCHOOLS,1,PUBLIC SCHOOL CITY,2,LARGE CITY,1,Elementary,72,72,1106 LANCASTER AVE,SYRACUSE,NY,13210,MR.,SAMUEL,BARBER,3154354650,sbarber@scsd.us
7/1/1980,ONONDAGA,421800010010,ROBERTS K-8 SCHOOL,17,PUBLIC SCHOOLS,1,PUBLIC SCHOOL CITY,2,LARGE CITY,1,Elementary,72,72,715 GLENWOOD AVE,SYRACUSE,NY,13207,MR.,JOHN,DEVENDORF,3154354635,jdevendorf@scsd.us
7/1/1980,ONONDAGA,421800010011,MEACHEM ELEMENTARY SCHOOL,17,PUBLIC SCHOOLS,1,PUBLIC SCHOOL CITY,2,LARGE CITY,1,Elementary,72,72,171 SPAULDING AVE,SYRACUSE,NY,13205,MS.,KATHRYNE,MOULTON,3154354610,kmoulton@scsd.us
7/1/1980,ONONDAGA,421800010012,LEMOYNE ELEMENTARY SCHOOL,17,PUBLIC SCHOOLS,1,PUBLIC SCHOOL CITY,2,LARGE CITY,1,Elementary,72,72,1528 LEMOYNE AVE,SYRACUSE,NY,13208,MS.,JENNIFER,KING-REESE,3154354590,jking@scsd.us
7/1/1980,ONONDAGA,421800010013,SALEM HYDE ELEMENTARY SCHOOL,17,PUBLIC SCHOOLS,1,PUBLIC SCHOOL CITY,2,LARGE CITY,1,Elementary,72,72,450 DURSTON AVE,SYRACUSE,NY,13203,MS.,PATRICIA,FLOYD-ECHOLS,3154354570,pfloyd-echols@scsd.us
7/1/1980,ONONDAGA,421800010015,HUNTINGTON K-8 SCHOOL,17,PUBLIC SCHOOLS,1,PUBLIC SCHOOL CITY,2,LARGE CITY,1,Elementary,72,72,400 SUNNYCREST RD,SYRACUSE,NY,13206,MS.,JOANNE,HARLOW,3154354565,jharlow@scsd.us
7/1/1980,ONONDAGA,421800010018,DR KING ELEMENTARY SCHOOL,17,PUBLIC SCHOOLS,1,PUBLIC SCHOOL CITY,2,LARGE CITY,1,Elementary,72,72,416 E RAYNOR AVE,SYRACUSE,NY,13202,MS.,ANDREA,ELLIS-SMITH,3154354580,aellis-smith@scsd.us
7/1/1980,ONONDAGA,421800010020,DANFORTH MIDDLE SCHOOL,17,PUBLIC SCHOOLS,1,PUBLIC SCHOOL CITY,2,LARGE CITY,4,Junior Senior School,72,72,309 W BRIGHTON AVE,SYRACUSE,NY,13205,MR.,GENE,JONES,3154354535,gjones3@scsd.us
7/1/1980,ONONDAGA,421800010021,FRANKLIN ELEMENTARY SCHOOL,17,PUBLIC SCHOOLS,1,PUBLIC SCHOOL CITY,2,LARGE CITY,1,Elementary,72,72,428 S ALVORD ST,SYRACUSE,NY,13208,MS.,KATRINA,ALLEN,3154354550,kallen@scsd.us
7/1/1980,ONONDAGA,421800010022,FRAZER K-8 SCHOOL,17,PUBLIC SCHOOLS,1,PUBLIC SCHOOL CITY,2,LARGE CITY,1,Elementary,72,72,741 PARK AVE,SYRACUSE,NY,13204,MR.,WILLIAM,MECUM,3154354555,wmecum@scsd.us
7/1/1980,ONONDAGA,421800010025,HUGHES ELEMENTARY SCHOOL,17,PUBLIC SCHOOLS,1,PUBLIC SCHOOL CITY,2,LARGE CITY,1,Elementary,72,72,345 JAMESVILLE AVE,SYRACUSE,NY,13210,MS.,MARIE,FAY,3154354404,mfay@scsd.us
7/1/1980,ONONDAGA,421800010027,PORTER ELEMENTARY SCHOOL,17,PUBLIC SCHOOLS,1,PUBLIC SCHOOL CITY,2,LARGE CITY,1,Elementary,72,72,512 EMERSON AVE,SYRACUSE,NY,13204,MS.,ANN,SHERWOOD,3154354625,asherwood@scsd.us
7/1/1980,ONONDAGA,421800010028,SEYMOUR DUAL LANGUAGE ACADEMY,17,PUBLIC SCHOOLS,1,PUBLIC SCHOOL CITY,2,LARGE CITY,1,Elementary,72,72,108 SHONNARD ST,SYRACUSE,NY,13204,MS.,RRIA,CASTILLO CRUZ-SOTO,3154354645,rcruzsoto@scsd.us
7/1/1980,ONONDAGA,421800010031,HURLBUT W SMITH K-8 SCHOOL,17,PUBLIC SCHOOLS,1,PUBLIC SCHOOL CITY,2,LARGE CITY,1,Elementary,72,72,1130 SALT SPRINGS RD,SYRACUSE,NY,13224,MS.,THERESA,HALEY,3154354490,thaley@scsd.us
7/1/1980,ONONDAGA,421800010033,CORCORAN HIGH SCHOOL,17,PUBLIC SCHOOLS,1,PUBLIC SCHOOL CITY,2,LARGE CITY,5,Senior High,72,72,919 GLENWOOD AVE,SYRACUSE,NY,13207,MR.,JOHN,RIVERS,3154354321,jrivers@scsd.us
7/1/1980,ONONDAGA,421800010035,GRANT MIDDLE SCHOOL,17,PUBLIC SCHOOLS,1,PUBLIC SCHOOL CITY,2,LARGE CITY,3,Junior High School,72,72,2400 GRANT BLVD,SYRACUSE,NY,13208,MS.,PAMELA,ODOM,3154354433,podom@scsd.us
7/1/1980,ONONDAGA,421800010039,NOTTINGHAM HIGH SCHOOL,17,PUBLIC SCHOOLS,1,PUBLIC SCHOOL CITY,2,LARGE CITY,5,Senior High,72,72,3100 E GENESEE ST,SYRACUSE,NY,13224,MR.,DAVID,MAYNARD,3154354380,dmaynard@scsd.us
7/1/1980,ONONDAGA,421800010040,HENNINGER HIGH SCHOOL,17,PUBLIC SCHOOLS,1,PUBLIC SCHOOL CITY,2,LARGE CITY,5,Senior High,72,72,600 ROBINSON ST,SYRACUSE,NY,13206,MR.,ROBERT,DIFLORIO,3154354343,rdiflorio@scsd.us
7/1/1980,ONONDAGA,421800010041,DELAWARE ACADEMY,17,PUBLIC SCHOOLS,1,PUBLIC SCHOOL CITY,2,LARGE CITY,1,Elementary,72,72,900 S GEDDES ST,SYRACUSE,NY,13204,MS.,MARGARET,WILSON,3154354540,mwilson@scsd.us
7/1/1980,ONONDAGA,421800010042,MCKINLEY-BRIGHTON ELEMENTARY SCHOOL,17,PUBLIC SCHOOLS,1,PUBLIC SCHOOL CITY,2,LARGE CITY,1,Elementary,72,72,141 W NEWELL ST,SYRACUSE,NY,13205,MS.,RENEE,BURGESS,3154354605,rburgess@scsd.us
7/1/1980,ONONDAGA,421800010043,WEBSTER ELEMENTARY SCHOOL,17,PUBLIC SCHOOLS,1,PUBLIC SCHOOL CITY,2,LARGE CITY,1,Elementary,72,72,500 WADSWORTH ST,SYRACUSE,NY,13208,MS.,IVERNA,MINOR,3154354670,iminor@scsd.us
7/1/2007,ONONDAGA,421800010047,INSTITUTE OF TECHNOLOGY AT SYRACUSE CENTRAL,17,PUBLIC SCHOOLS,1,PUBLIC SCHOOL CITY,2,LARGE CITY,5,Senior High,72,72,258 E ADAMS ST,SYRACUSE,NY,13202,MS.,DONNA,FORMICA,3154354300,dformica@scsd.us
7/1/1980,ONONDAGA,421800010048,LINCOLN MIDDLE SCHOOL,17,PUBLIC SCHOOLS,1,PUBLIC SCHOOL CITY,2,LARGE CITY,2,Middle School,72,72,1613 JAMES ST,SYRACUSE,NY,13203,MS.,LAJUAN,WHITE,3154354450,lwhite2@scsd.us
7/1/1980,ONONDAGA,421800010049,FOWLER HIGH SCHOOL,17,PUBLIC SCHOOLS,1,PUBLIC SCHOOL CITY,2,LARGE CITY,5,Senior High,72,72,227 MAGNOLIA ST,SYRACUSE,NY,13204,MS.,MARGARET,MCROBBIE-TARU,3154354376,mmcrobbie@scsd.us
7/1/1980,ONONDAGA,421800010052,DR WEEKS ELEMENTARY SCHOOL,17,PUBLIC SCHOOLS,1,PUBLIC SCHOOL CITY,2,LARGE CITY,1,Elementary,72,72,710 HAWLEY AVE,SYRACUSE,NY,13203,MS.,CARIN,REEVE-LARHAM,3154354097,creeve-larham@scsd.us
7/1/2009,ONONDAGA,421800010058,EXPEDITIONARY LEARNING MIDDLE SCHOOL,17,PUBLIC SCHOOLS,1,PUBLIC SCHOOL CITY,2,LARGE CITY,2,Middle School,72,72,4942 S SALINA ST,SYRACUSE,NY,13205,MR.,KEVIN,BURNS,3154356416,kburns@scsd.us
7/1/2011,ONONDAGA,421800010060,WESTSIDE ACADEMY AT BLODGETT,17,PUBLIC SCHOOLS,1,PUBLIC SCHOOL CITY,2,LARGE CITY,3,Junior High School,72,72,312 OSWEGO ST,SYRACUSE,NY,13204,MS.,VANESSA,HOPKINS,3154354386,vhopkins@scsd.us
7/1/2014,ONONDAGA,421800010070,SYRACUSE LATIN SCHOOL,17,PUBLIC SCHOOLS,1,PUBLIC SCHOOL CITY,2,LARGE CITY,1,Elementary,72,72,345 JAMESVILLE AVE,SYRACUSE,NY,13210,MS.,KELLY,MANARD,3154354606,kmanard@scsd.us
7/1/2014,ONONDAGA,421800010071,PUBLIC SERVICE LEADERSHIP ACADEMY AT FOWLER,17,PUBLIC SCHOOLS,1,PUBLIC SCHOOL CITY,2,LARGE CITY,5,Senior High,72,72,227 MAGNOLIA ST,SYRACUSE,NY,13204,DR.,MATTHEW,WILLIAMS,,mwilliams2@scsd.us
7/1/2014,ONONDAGA,421800010072,DELAWARE PRIMARY SCHOOL,17,PUBLIC SCHOOLS,1,PUBLIC SCHOOL CITY,2,LARGE CITY,1,Elementary,72,72,900 S GEDDES ST,SYRACUSE,NY,13204,MR.,ELIEZER,HERNANDEZ,3154354540,ehernandez2@scsd.us
7/1/2002,ONONDAGA,421800860845,SOUTHSIDE ACADEMY CHARTER SCHOOL,17,PUBLIC SCHOOLS,11,CHARTER SCHOOL,7,CHARTER SCHOOL,1,Elementary,72,72,2200 ONONDAGA CREEK BLVD,SYRACUSE,NY,13207,DR.,RONALD,LARGE,3154763019,44.rlarge@nhaschools.com
7/1/2003,ONONDAGA,421800860854,SYRACUSE ACADEMY OF SCIENCE CHARTER SCHOOL,17,PUBLIC SCHOOLS,11,CHARTER SCHOOL,7,CHARTER SCHOOL,6,K-12 School,72,72,1001 PARK AVE,SYRACUSE,NY,13204,MS.,TOLGA,HAYALI,3154288997,hayali@sascs.org
7/1/1980,ONONDAGA,421902040001,TULLY JUNIOR-SENIOR HIGH SCHOOL,17,PUBLIC SCHOOLS,4,PUBLIC SCHOOL CENTRAL,5,AVERAGE NEEDS,4,Junior Senior School,77,77,20 STATE ST,TULLY,NY,13159,MS.,MARY ANN,MURPHY,3156966235,mmurphy@tullyschools.org
7/1/1980,ONONDAGA,421902040002,TULLY ELEMENTARY SCHOOL,17,PUBLIC SCHOOLS,4,PUBLIC SCHOOL CENTRAL,5,AVERAGE NEEDS,1,Elementary,77,77,20 STATE ST,TULLY,NY,13159,MR.,EDWARD,KUPIEC,3156966213,ed.kupiec@tullyschools.org
7/1/1980,OSWEGO,460102040006,ALTMAR-PARISH-WILLIAMSTOWN JR/SR HIGH SCHOOL,17,PUBLIC SCHOOLS,4,PUBLIC SCHOOL CENTRAL,4,RURAL HIGH NEEDS,4,Junior Senior School,76,76,PO BOX 970,PARISH,NY,13131,MS.,MICHELLE,CRISAFULLI,3156255222,mcrisafulli@apw.cnyric.org
7/1/2012,OSWEGO,460102040007,ALTMAR-PARISH-WILLIAMSTOWN ELEMENTARY SCHOOL,17,PUBLIC SCHOOLS,4,PUBLIC SCHOOL CENTRAL,4,RURAL HIGH NEEDS,1,Elementary,76,76,640 COUNTY RT 22,PARISH,NY,13131,MS.,JULIE,WOOLSON,3156255270,jwoolson@apw.cnyric.org
7/1/1980,OSWEGO,460500010001,FAIRGRIEVE SCHOOL,17,PUBLIC SCHOOLS,1,PUBLIC SCHOOL CITY,3,URBAN/SUBURBAN/HIGH NEEDS,1,Elementary,74,74,716 ACADEMY ST,FULTON,NY,13069,MS.,JEAN,CIESLA,3155935550,jciesla@fulton.cnyric.org
7/1/1980,OSWEGO,460500010005,G RAY BODLEY HIGH SCHOOL,17,PUBLIC SCHOOLS,1,PUBLIC SCHOOL CITY,3,URBAN/SUBURBAN/HIGH NEEDS,5,Senior High,74,74,6 WILLIAM GILLARD DR,FULTON,NY,13069,MS.,DONNA,PARKHURST,3155935400,dparkhur@fulton.cnyric.org
7/1/1980,OSWEGO,460500010006,FULTON JUNIOR HIGH SCHOOL,17,PUBLIC SCHOOLS,1,PUBLIC SCHOOL CITY,3,URBAN/SUBURBAN/HIGH NEEDS,3,Junior High School,74,74,129 CURTIS ST,FULTON,NY,13069,MS.,OLIVIA,CAMBS,3155935440,ocambs@fulton.cnyric.org
7/1/1980,OSWEGO,460500010007,GRANBY ELEMENTARY SCHOOL,17,PUBLIC SCHOOLS,1,PUBLIC SCHOOL CITY,3,URBAN/SUBURBAN/HIGH NEEDS,1,Elementary,74,74,400 W 7TH ST N,FULTON,NY,13069,MS.,HEATHER,PERRY,3155935480,hperry@fulton.cnyric.org
7/1/1980,OSWEGO,460500010008,J E LANIGAN SCHOOL,17,PUBLIC SCHOOLS,1,PUBLIC SCHOOL CITY,3,URBAN/SUBURBAN/HIGH NEEDS,1,Elementary,74,74,59 BAKEMAN AVE,FULTON,NY,13069,MR.,JEFF,HENDRICKSON,3155935470,jhendric@fulton.cnyric.org
7/1/1980,OSWEGO,460500010011,VOLNEY ELEMENTARY SCHOOL,17,PUBLIC SCHOOLS,1,PUBLIC SCHOOL CITY,3,URBAN/SUBURBAN/HIGH NEEDS,1,Elementary,74,74,2592 STATE RT 3,FULTON,NY,13069,MR.,TODD,TERPENING,3155935570,tterpeni@fulton.cnyric.org
7/1/1980,OSWEGO,460701040001,KENNEY MIDDLE SCHOOL,17,PUBLIC SCHOOLS,4,PUBLIC SCHOOL CENTRAL,4,RURAL HIGH NEEDS,2,Middle School,76,76,PO BOX 66,HANNIBAL,NY,13074,MR.,SHAWN,MORGAN,3155647955,smorgan@hannibalcsd.org
7/1/1980,OSWEGO,460701040002,HANNIBAL HIGH SCHOOL,17,PUBLIC SCHOOLS,4,PUBLIC SCHOOL CENTRAL,4,RURAL HIGH NEEDS,5,Senior High,76,76,PO BOX 66,HANNIBAL,NY,13074,MR.,STEPHEN,DUNN,3155647910,sdunn@hannibalcsd.org
7/1/1980,OSWEGO,460701040003,FAIRLEY SCHOOL,17,PUBLIC SCHOOLS,4,PUBLIC SCHOOL CENTRAL,4,RURAL HIGH NEEDS,1,Elementary,76,76,PO BOX 66,HANNIBAL,NY,13074,MR.,JOSEPH,MUSA,3155647945,jmusa@hannibalcsd.org
7/1/1980,OSWEGO,460801060001,AURA A COLE ELEMENTARY SCHOOL,17,PUBLIC SCHOOLS,7,PUBLIC SCHOOL INDEPENDENT CENTRAL,5,AVERAGE NEEDS,1,Elementary,75,75,1683 STATE RT 49,CONSTANTIA,NY,13044,MR.,MICHAEL,SMOLNIK,3156689823,msmolnik@cssd.org
7/1/1980,ONONDAGA,460801060002,BREWERTON ELEMENTARY SCHOOL,17,PUBLIC SCHOOLS,7,PUBLIC SCHOOL INDEPENDENT CENTRAL,5,AVERAGE NEEDS,1,Elementary,75,75,9530 BREWERTON RD,BREWERTON,NY,13029,MS.,STACEY,EGER,3156684201,seger@cssd.org
7/1/1980,OSWEGO,460801060003,CENTRAL SQUARE INTERMEDIATE SCHOOL,17,PUBLIC SCHOOLS,7,PUBLIC SCHOOL INDEPENDENT CENTRAL,5,AVERAGE NEEDS,1,Elementary,75,75,68 SCHOOL DR,CENTRAL SQUARE,NY,13036,MR.,BRENT,BOWDEN,3156684229,bbowden@cssd.org
7/1/1980,OSWEGO,460801060005,PAUL V MOORE HIGH SCHOOL,17,PUBLIC SCHOOLS,7,PUBLIC SCHOOL INDEPENDENT CENTRAL,5,AVERAGE NEEDS,5,Senior High,75,75,44 SCHOOL DR,CENTRAL SQUARE,NY,13036,MR.,JEFFREY,KING,3156684334,jking@cssd.org
7/1/1980,OSWEGO,460801060006,MILLARD HAWK PRIMARY SCHOOL,17,PUBLIC SCHOOLS,7,PUBLIC SCHOOL INDEPENDENT CENTRAL,5,AVERAGE NEEDS,1,Elementary,75,75,74 SCHOOL DR,CENTRAL SQUARE,NY,13036,MS.,AMANDA,VIEL,3156684310,aviel@cssd.org
7/1/1980,OSWEGO,460801060007,HASTINGS MALLORY ELEMENTARY SCHOOL,17,PUBLIC SCHOOLS,7,PUBLIC SCHOOL INDEPENDENT CENTRAL,5,AVERAGE NEEDS,1,Elementary,75,75,93 BARKERS RD,CENTRAL SQUARE,NY,13036,MR.,LAWRENCE,WINK,3156684252,lwink@cssd.org
7/1/1993,OSWEGO,460801060008,CENTRAL SQUARE MIDDLE SCHOOL,17,PUBLIC SCHOOLS,7,PUBLIC SCHOOL INDEPENDENT CENTRAL,5,AVERAGE NEEDS,2,Middle School,75,75,248 US RT 11,CENTRAL SQUARE,NY,13036,MR.,MATHEW,PENROD,3156684216,mpenrod@cssd.org
7/1/1980,OSWEGO,460901060001,MEXICO ELEMENTARY SCHOOL,17,PUBLIC SCHOOLS,7,PUBLIC SCHOOL INDEPENDENT CENTRAL,5,AVERAGE NEEDS,1,Elementary,76,76,26 ACADEMY ST,MEXICO,NY,13114,MR.,ROBERT,BRIGGS,3159638400,rbriggs@mexicocsd.org
7/1/1980,OSWEGO,460901060002,PALERMO ELEMENTARY SCHOOL,17,PUBLIC SCHOOLS,7,PUBLIC SCHOOL INDEPENDENT CENTRAL,5,AVERAGE NEEDS,1,Elementary,76,76,1638 COUNTY RT 45,FULTON,NY,13069,MS.,MARGARET,SCORZELLI,3159638400,mscorzel@mexico.cnyric.org
7/1/1980,OSWEGO,460901060003,MEXICO HIGH SCHOOL,17,PUBLIC SCHOOLS,7,PUBLIC SCHOOL INDEPENDENT CENTRAL,5,AVERAGE NEEDS,5,Senior High,76,76,3338 MAIN ST,MEXICO,NY,13114,MR.,RYAN,LANIGAN,3159638400,rlanigan@mexicocsd.org
7/1/1980,OSWEGO,460901060004,NEW HAVEN ELEMENTARY SCHOOL,17,PUBLIC SCHOOLS,7,PUBLIC SCHOOL INDEPENDENT CENTRAL,5,AVERAGE NEEDS,1,Elementary,76,76,PO BOX 119,NEW HAVEN,NY,13121,MR.,RICHARD,CHAPMAN,3159638400,rchapman@mexico.cnyric.org
7/1/1980,OSWEGO,460901060005,MEXICO MIDDLE SCHOOL,17,PUBLIC SCHOOLS,7,PUBLIC SCHOOL INDEPENDENT CENTRAL,5,AVERAGE NEEDS,2,Middle School,76,76,16 FRAVOR RD,MEXICO,NY,13114,MS.,KIMBERLY,HOLLIDAY,3159638400,khollida@mexicocsd.org
7/1/1980,OSWEGO,461300010002,CHARLES E RILEY ELEMENTARY SCHOOL,17,PUBLIC SCHOOLS,1,PUBLIC SCHOOL CITY,5,AVERAGE NEEDS,1,Elementary,74,74,269 E 8TH ST,OSWEGO,NY,13126,DR.,LINDA,DOTY,3153412800,ldoty@oswego.org
7/1/1980,OSWEGO,461300010003,LEIGHTON ELEMENTARY SCHOOL,17,PUBLIC SCHOOLS,1,PUBLIC SCHOOL CITY,5,AVERAGE NEEDS,1,Elementary,74,74,1 BUCCANEER BLVD,OSWEGO,NY,13126,MRS.,KARA,SHORE,3153412700,kshore@oswego.org
7/1/1980,OSWEGO,461300010004,FITZHUGH PARK ELEMENTARY SCHOOL,17,PUBLIC SCHOOLS,1,PUBLIC SCHOOL CITY,5,AVERAGE NEEDS,1,Elementary,74,74,E 10TH & BRIDGE STS,OSWEGO,NY,13126,MS.,DONNA,SIMMONS,3153412400,dsimmons@oswego.org
7/1/1980,OSWEGO,461300010005,KINGSFORD PARK ELEMENTARY SCHOOL,17,PUBLIC SCHOOLS,1,PUBLIC SCHOOL CITY,5,AVERAGE NEEDS,1,Elementary,74,74,275 W 5TH ST,OSWEGO,NY,13126,DR.,MARY,VOLKOMER,3153412500,mvolkome@oswego.org
7/1/1980,OSWEGO,461300010006,MINETTO ELEMENTARY SCHOOL,17,PUBLIC SCHOOLS,1,PUBLIC SCHOOL CITY,5,AVERAGE NEEDS,1,Elementary,74,74,2411 COUNTY RT 8,MINETTO,NY,13115,MS.,JULIE,KIMMEL-GORMAN,3153412600,jkimmelg@oswego.org
7/1/1980,OSWEGO,461300010007,OSWEGO MIDDLE SCHOOL,17,PUBLIC SCHOOLS,1,PUBLIC SCHOOL CITY,5,AVERAGE NEEDS,3,Junior High School,74,74,MARK FITZGIBBONS DR,OSWEGO,NY,13126,MS.,MARY BETH,FIERRO,3153412300,mfierro2@oswego.org
7/1/1980,OSWEGO,461300010008,OSWEGO HIGH SCHOOL,17,PUBLIC SCHOOLS,1,PUBLIC SCHOOL CITY,5,AVERAGE NEEDS,5,Senior High,74,74,2 BUCCANEER BLVD,OSWEGO,NY,13126,DR.,HEIDI,SWEENEY,3153412200,hsweeney@oswego.org
7/1/1980,OSWEGO,461801040001,PULASKI HIGH SCHOOL,17,PUBLIC SCHOOLS,4,PUBLIC SCHOOL CENTRAL,4,RURAL HIGH NEEDS,5,Senior High,76,76,4624 SALINA ST,PULASKI,NY,13142,MR.,MICHAEL,BATESON,3152985103,mbateson@pacs.cnyric.org
7/1/1980,OSWEGO,461801040003,PULASKI ELEMENTARY SCHOOL,17,PUBLIC SCHOOLS,4,PUBLIC SCHOOL CENTRAL,4,RURAL HIGH NEEDS,1,Elementary,76,76,2 HINMAN RD,PULASKI,NY,13142,MS.,SUSAN,LOHRET,3152982412,slohret@pacs.cnyric.org
7/1/2009,OSWEGO,461801040004,PULASKI MIDDLE SCHOOL,17,PUBLIC SCHOOLS,4,PUBLIC SCHOOL CENTRAL,4,RURAL HIGH NEEDS,2,Middle School,76,76,4624 SALINA ST,PULASKI,NY,13142,MS.,PAULA,BRILLO,3152986001,pbrillo@pacs.cnyric.org
7/1/1980,OSWEGO,461901040001,SANDY CREEK HIGH SCHOOL,17,PUBLIC SCHOOLS,4,PUBLIC SCHOOL CENTRAL,4,RURAL HIGH NEEDS,5,Senior High,77,77,PO BOX 248,SANDY CREEK,NY,13145,MR.,LOUIS,CHISTOLINI,3153873445,lchistolini@sccs.cnyric.org
7/1/1980,OSWEGO,461901040002,SANDY CREEK ELEMENTARY SCHOOL,17,PUBLIC SCHOOLS,4,PUBLIC SCHOOL CENTRAL,4,RURAL HIGH NEEDS,1,Elementary,77,77,PO BOX 248,SANDY CREEK,NY,13145,MS.,BONNIE,FINNERTY,3153873445,bonnie.finnerty@sccs.cnyric.org
7/1/2001,OSWEGO,461901040003,SANDY CREEK MIDDLE SCHOOL,17,PUBLIC SCHOOLS,4,PUBLIC SCHOOL CENTRAL,4,RURAL HIGH NEEDS,2,Middle School,77,77,PO BOX 248,SANDY CREEK,NY,13145,MS.,CAROLYN,SHIRLEY,3153873445,cshirley@sccs.cnyric.org
7/1/1980,OSWEGO,462001060001,MICHAEL A MAROUN ELEMENTARY SCHOOL,17,PUBLIC SCHOOLS,7,PUBLIC SCHOOL INDEPENDENT CENTRAL,5,AVERAGE NEEDS,1,Elementary,76,76,11 ELM ST,PHOENIX,NY,13135,MR.,BRETT,DOODY,3156951561,bdoody@phoenixcsd.org
7/1/1980,OSWEGO,462001060004,EMERSON J DILLON MIDDLE SCHOOL,17,PUBLIC SCHOOLS,7,PUBLIC SCHOOL INDEPENDENT CENTRAL,5,AVERAGE NEEDS,2,Middle School,76,76,116 VOLNEY ST,PHOENIX,NY,13135,MS.,SUSAN,ANDERSON,3156951521,sanderson@phoenixcsd.org
7/1/1980,OSWEGO,462001060006,JOHN C BIRDLEBOUGH HIGH SCHOOL,17,PUBLIC SCHOOLS,7,PUBLIC SCHOOL INDEPENDENT CENTRAL,5,AVERAGE NEEDS,5,Senior High,76,76,552 MAIN ST,PHOENIX,NY,13135,MR.,THOMAS,BAILER,3156951631,tbailer@phoenixcsd.org
